ntaxa	mntd.obs	mntd.rand.mean	mntd.rand.sd	mntd.obs.rank	mntd.obs.z	mntd.obs.p	runs
Abaeis nicippe	1	NA	NA	NA	NA	NA	NA	99
Abananote abana	1	NA	NA	NA	NA	NA	NA	99
Abantis tettensis	1	NA	NA	NA	NA	NA	NA	99
Abisara bifasciata	1	NA	NA	NA	NA	NA	NA	99
Abisara burnii	1	NA	NA	NA	NA	NA	NA	99
Abisara geza	1	NA	NA	NA	NA	NA	NA	99
Abisara kausambi	1	NA	NA	NA	NA	NA	NA	99
Abraximorpha davidii	1	NA	NA	NA	NA	NA	NA	99
Abrota ganga	2	244.81111	281.587535626263	110.355157033565	18	-0.333255161016869	0.18	99
Acada biseriata	1	NA	NA	NA	NA	NA	NA	99
Achalarus casica	2	247.46887	259.863527555556	73.6021170565142	43	-0.168400829367972	0.43	99
Achalarus lyciades	2	247.46887	259.863527555556	73.6021170565142	43	-0.168400829367972	0.43	99
Achalarus toxeus	1	NA	NA	NA	NA	NA	NA	99
Achlyodes busirus	1	NA	NA	NA	NA	NA	NA	99
Achlyodes pallida	1	NA	NA	NA	NA	NA	NA	99
Acleros ploetzi	1	NA	NA	NA	NA	NA	NA	99
Acraea horta	2	188.72406	271.554254313131	91.3012116645061	4	-0.907219004031378	0.04	99
Acrodipsas myrmecophila	0	NA	NA	NA	NA	NA	NA	99
Acrophtalmia artemis	0	NA	NA	NA	NA	NA	NA	99
Acrophtalmia leuce	0	NA	NA	NA	NA	NA	NA	99
Acytolepis puspa	13	207.867196615385	220.492694320124	22.7904888946483	34	-0.553980994576402	0.34	99
Adelpha mesentina	1	NA	NA	NA	NA	NA	NA	99
Adopaeoides prittwitzi	1	NA	NA	NA	NA	NA	NA	99
Aemona amathusia	1	NA	NA	NA	NA	NA	NA	99
Aeria eurimedia	1	NA	NA	NA	NA	NA	NA	99
Aeromachus stigmata	1	NA	NA	NA	NA	NA	NA	99
Aeropetes tulbaghia	1	NA	NA	NA	NA	NA	NA	99
Aethiopana honorius	0	NA	NA	NA	NA	NA	NA	99
Afarsia morgiana	1	NA	NA	NA	NA	NA	NA	99
Afrodryas leda	2	133.2723	271.288718929293	91.3876468136832	2	-1.51023058084288	0.02	99
Agatasa calydonia	1	NA	NA	NA	NA	NA	NA	99
Agathymus aryxna	1	NA	NA	NA	NA	NA	NA	99
Agathymus mariae	1	NA	NA	NA	NA	NA	NA	99
Aglais io	4	162.5346875	255.766631820707	47.2844214595679	2	-1.97172644695311	0.02	99
Aglais urticae	3	163.932716666667	259.627247299663	53.6108447302234	2	-1.78498457009106	0.02	99
Agraulis vanillae	1	NA	NA	NA	NA	NA	NA	99
Agriades optilete	1	NA	NA	NA	NA	NA	NA	99
Aguna asander	2	247.46904	274.845168333333	97.0849515593842	39	-0.281981171063243	0.39	99
Aguna claxon	1	NA	NA	NA	NA	NA	NA	99
Aguna metophis	1	NA	NA	NA	NA	NA	NA	99
Ahmetia achaja	1	NA	NA	NA	NA	NA	NA	99
Aides duma	1	NA	NA	NA	NA	NA	NA	99
Alaena amazoula	1	NA	NA	NA	NA	NA	NA	99
Alenia namaqua	1	NA	NA	NA	NA	NA	NA	99
Allora major	1	NA	NA	NA	NA	NA	NA	99
Allotinus fallax	0	NA	NA	NA	NA	NA	NA	99
Allotinus unicolor	0	NA	NA	NA	NA	NA	NA	99
Aloeides pierus	1	NA	NA	NA	NA	NA	NA	99
Alpherakya sarta	2	244.81156	273.110507171717	98.8847347531859	26	-0.286181150633116	0.26	99
Altinote neleus	1	NA	NA	NA	NA	NA	NA	99
Altinote tenebrosa	1	NA	NA	NA	NA	NA	NA	99
Altopedaliodes tena	1	NA	NA	NA	NA	NA	NA	99
Amathusia phidippus	2	196.4188	269.45402140404	92.2636727536679	8	-0.791592391937779	0.08	99
Amauris niavius	2	179.50267	260.787954949495	72.8105770114237	2	-1.11639391261439	0.02	99
Amblopala avidiena	1	NA	NA	NA	NA	NA	NA	99
Amblypodia narada	2	247.469703	276.420227545455	107.17217065175	54	-0.270130989877284	0.54	99
Amblyscirtes eos	2	271.516883	265.870973686869	82.2212979382156	74	0.0686672365276194	0.74	99
Amblyscirtes simius	1	NA	NA	NA	NA	NA	NA	99
Amnosia decora	1	NA	NA	NA	NA	NA	NA	99
Ampittia dioscorides	1	NA	NA	NA	NA	NA	NA	99
Ampittia virgata	1	NA	NA	NA	NA	NA	NA	99
Anaea troglodyta	2	247.469019	265.287256828283	71.039566795345	34	-0.250821318767535	0.34	99
Anartia jatrophae	6	123.7324185	237.365437473064	34.9887266106189	1	-3.2477037600613	0.01	99
Anastrus sempiternus	2	193.27798	277.722154373737	106.829497080586	7	-0.790457473651098	0.07	99
Anatrytone logan	1	NA	NA	NA	NA	NA	NA	99
Ancema ctesia	1	NA	NA	NA	NA	NA	NA	99
Ancistroides gemmifer	1	NA	NA	NA	NA	NA	NA	99
Ancyloxypha numitor	1	NA	NA	NA	NA	NA	NA	99
Andronymus neander	1	NA	NA	NA	NA	NA	NA	99
Anetia briarea	2	224.682132	260.43004679798	79.0501167033717	14	-0.452218368406976	0.14	99
Anetia thirza	1	NA	NA	NA	NA	NA	NA	99
Anisynta cynone	1	NA	NA	NA	NA	NA	NA	99
Anisynta dominula	1	NA	NA	NA	NA	NA	NA	99
Anisynta tillyardi	1	NA	NA	NA	NA	NA	NA	99
Ankola fan	1	NA	NA	NA	NA	NA	NA	99
Antanartia delius	1	NA	NA	NA	NA	NA	NA	99
Anteos maerula	1	NA	NA	NA	NA	NA	NA	99
Anteros formosus	2	184.52815	258.855796010101	75.7104067694214	5	-0.981736186366934	0.05	99
Anthanassa texana	2	213.48265	264.94526410101	82.957596632346	7	-0.620348421243249	0.07	99
Anthene larydas	2	231.571925	260.623651727273	73.3928622011616	12	-0.395838585060836	0.12	99
Anthocharis belia	1	NA	NA	NA	NA	NA	NA	99
Anthocharis cardamines	2	118.9514	261.606661575758	73.2827233281178	1	-1.94664247038186	0.01	99
Anthoptus epictetus	1	NA	NA	NA	NA	NA	NA	99
Antigius attilia	1	NA	NA	NA	NA	NA	NA	99
Antillea pelops	1	NA	NA	NA	NA	NA	NA	99
Antipodia atralba	1	NA	NA	NA	NA	NA	NA	99
Antipodia chaostola	1	NA	NA	NA	NA	NA	NA	99
Antirrhea philaretes	1	NA	NA	NA	NA	NA	NA	99
Apallaga opalinus	1	NA	NA	NA	NA	NA	NA	99
Apatura metis	1	NA	NA	NA	NA	NA	NA	99
Apaturina erminia	1	NA	NA	NA	NA	NA	NA	99
Apaturopsis cleochares	1	NA	NA	NA	NA	NA	NA	99
Aphantopus hyperantus	2	187.64298	287.314349030303	117.096181261083	2	-0.851192310089693	0.02	99
Aphnaeus orcas	9	198.076054666667	232.479708263749	31.1838586727962	11	-1.10325197269748	0.11	99
Aphrissa boisduvalii	1	NA	NA	NA	NA	NA	NA	99
Aphrissa statira	3	240.595148	251.877582333333	46.5247239172474	39	-0.242504057700615	0.39	99
Aphysoneura pigmentaria	1	NA	NA	NA	NA	NA	NA	99
Apodemia chisosensis	1	NA	NA	NA	NA	NA	NA	99
Apodemia duryi	1	NA	NA	NA	NA	NA	NA	99
Apodemia hepburni	1	NA	NA	NA	NA	NA	NA	99
Apodemia mormo	1	NA	NA	NA	NA	NA	NA	99
Apodemia murphyi	1	NA	NA	NA	NA	NA	NA	99
Apodemia palmerii	1	NA	NA	NA	NA	NA	NA	99
Aponarope sutor	1	NA	NA	NA	NA	NA	NA	99
Aporia agathon	1	NA	NA	NA	NA	NA	NA	99
Aporia crataegi	1	NA	NA	NA	NA	NA	NA	99
Apostictopterus fuliginosus	1	NA	NA	NA	NA	NA	NA	99
Appias lasti	3	211.242254666667	253.170433484849	56.966249116021	12	-0.736017896013977	0.12	99
Appias libythea	3	80.5200233333333	250.532288447811	44.5367589291702	1	-3.81734704550145	0.01	99
Appias paulina	2	237.157932	270.13475079798	90.9414178564979	13	-0.36261606180383	0.13	99
Apyrrothrix araxes	1	NA	NA	NA	NA	NA	NA	99
Araotes lapithis	1	NA	NA	NA	NA	NA	NA	99
Araragi enthea	2	195.75903	264.635409373737	83.8244424404232	6	-0.821674172455011	0.06	99
Araschnia levana	1	NA	NA	NA	NA	NA	NA	99
Arawacus aetolus	2	247.46944	256.783987242424	61.9733493872311	56.5	-0.150299238858686	0.565	99
Arcas imperialis	3	260.876883666667	252.560164188552	49.2295261379214	85	0.168937630129008	0.85	99
Archaeoprepona demophon	5	232.513146	241.165199450505	37.894921964715	44	-0.228316961796655	0.44	99
Archaeoprepona meander	1	NA	NA	NA	NA	NA	NA	99
Archon apollinus	1	NA	NA	NA	NA	NA	NA	99
Archonias brassolis	2	247.469413	270.337842131313	101.64337555139	51	-0.224986911417075	0.51	99
Arethusana arethusa	1	NA	NA	NA	NA	NA	NA	99
Argon lota	1	NA	NA	NA	NA	NA	NA	99
Argynnina cyrila	1	NA	NA	NA	NA	NA	NA	99
Argynnis aglaja	2	247.468926	276.753385575758	97.8377894012497	30	-0.299316447713847	0.3	99
Argynnis anadyomene	1	NA	NA	NA	NA	NA	NA	99
Argynnis hyperbius	1	NA	NA	NA	NA	NA	NA	99
Argynnis laodice	2	231.572306	263.271675333333	71.5933815867213	14	-0.442769549793311	0.14	99
Argynnis nerippe	1	NA	NA	NA	NA	NA	NA	99
Argynnis paphia	2	231.572306	263.271675333333	71.5933815867213	14	-0.442769549793311	0.14	99
Argynnis sagana	1	NA	NA	NA	NA	NA	NA	99
Argyraspodes argyraspis	0	NA	NA	NA	NA	NA	NA	99
Argyrophorus argenteus	1	NA	NA	NA	NA	NA	NA	99
Arhopala bazalus	1	NA	NA	NA	NA	NA	NA	99
Arhopala muta	1	NA	NA	NA	NA	NA	NA	99
Arhopala thamyras	1	NA	NA	NA	NA	NA	NA	99
Ariadne ariadne	1	NA	NA	NA	NA	NA	NA	99
Aricia agestis	4	223.7351815	241.142850333333	36.3962583335187	22	-0.478281824296812	0.22	99
Arita arita	1	NA	NA	NA	NA	NA	NA	99
Aroma aroma	1	NA	NA	NA	NA	NA	NA	99
Arotis derasa	1	NA	NA	NA	NA	NA	NA	99
Arrhenes dschilus	1	NA	NA	NA	NA	NA	NA	99
Arrhenes marnas	1	NA	NA	NA	NA	NA	NA	99
Arteurotia tractipennis	1	NA	NA	NA	NA	NA	NA	99
Artipe eryx	2	247.469313	278.005667050505	105.618684413002	45	-0.289118863960645	0.45	99
Artitropa comus	1	NA	NA	NA	NA	NA	NA	99
Artitropa erinnys	1	NA	NA	NA	NA	NA	NA	99
Artopoetes pryeri	1	NA	NA	NA	NA	NA	NA	99
Asbolis capucinus	1	NA	NA	NA	NA	NA	NA	99
Ascia monuste	7	116.423465714286	231.847853672439	33.9095382237118	1	-3.40389147138077	0.01	99
Aslauga marshalli	0	NA	NA	NA	NA	NA	NA	99
Aspitha aspitha	1	NA	NA	NA	NA	NA	NA	99
Asterocampa celtis	1	NA	NA	NA	NA	NA	NA	99
Asterope markii	1	NA	NA	NA	NA	NA	NA	99
Astictopterus jama	2	213.46856	273.218553979798	98.9559012023994	7	-0.603804252740707	0.07	99
Astraptes alector	1	NA	NA	NA	NA	NA	NA	99
Astraptes anaphus	1	NA	NA	NA	NA	NA	NA	99
Astraptes enotrus	1	NA	NA	NA	NA	NA	NA	99
Astraptes talus	3	184.583927333333	253.350604252525	48.8551948596383	2	-1.40756120442789	0.02	99
Atalopedes campestris	1	NA	NA	NA	NA	NA	NA	99
Atarnes sallei	1	NA	NA	NA	NA	NA	NA	99
Aterica rabena	1	NA	NA	NA	NA	NA	NA	99
Athyma perius	2	189.82314	280.772912989899	104.285248534253	3	-0.872125005868168	0.03	99
Atlantea perezi	1	NA	NA	NA	NA	NA	NA	99
Atlides halesus	2	162.945508	267.613677111111	81.0524981689692	1	-1.29136265353488	0.01	99
Atrophaneura alcinous	2	271.825482	265.481042737374	96.1308478108184	95	0.0659979539045768	0.95	99
Atrophaneura coon	2	271.825428	285.631791808081	118.883925766541	90	-0.116133141794065	0.9	99
Atrophaneura neptunus	2	271.824694	270.765557151515	90.4456873220808	87	0.0117101973553833	0.87	99
Atrophaneura semperi	1	NA	NA	NA	NA	NA	NA	99
Atrytone arogos	1	NA	NA	NA	NA	NA	NA	99
Atrytonopsis hianna	1	NA	NA	NA	NA	NA	NA	99
Aubergina alda	1	NA	NA	NA	NA	NA	NA	99
Augiades crinisus	1	NA	NA	NA	NA	NA	NA	99
Autochton cellus	1	NA	NA	NA	NA	NA	NA	99
Axiocerses harpax	2	247.46952	259.851143252525	73.2835362619897	64	-0.168955046168361	0.64	99
Azanus mirza	2	237.158162	267.62844949495	91.5939724451289	23	-0.332666950472132	0.23	99
Azanus natalensis	1	NA	NA	NA	NA	NA	NA	99
Azanus ubaldus	1	NA	NA	NA	NA	NA	NA	99
Badamia exclamationis	4	189.599384	250.283191340909	44.465123393416	6	-1.36475067895335	0.06	99
Baliochila barnesi	0	NA	NA	NA	NA	NA	NA	99
Baoris farri	1	NA	NA	NA	NA	NA	NA	99
Baoris oceia	1	NA	NA	NA	NA	NA	NA	99
Baracus vittatus	1	NA	NA	NA	NA	NA	NA	99
Baronia brevicornis	1	NA	NA	NA	NA	NA	NA	99
Batesia hypochlora	1	NA	NA	NA	NA	NA	NA	99
Battus belus	1	NA	NA	NA	NA	NA	NA	99
Battus polydamas	1	NA	NA	NA	NA	NA	NA	99
Bebearia sophus	2	224.682142	257.366552656566	60.0924663025109	9	-0.543901967544973	0.09	99
Belenois calypso	2	237.157893	278.044312484848	96.5874002221735	12	-0.423310073475424	0.12	99
Belenois creona	3	133.527344333333	251.489586855219	44.4811965039284	1	-2.65195749650007	0.01	99
Belenois java	1	NA	NA	NA	NA	NA	NA	99
Belenois subeida	1	NA	NA	NA	NA	NA	NA	99
Berberia abdelkader	1	NA	NA	NA	NA	NA	NA	99
Bhagadatta austenia	2	271.825315	276.095916626263	107.847129331004	92	-0.0395986583301191	0.92	99
Bhutanitis mansfieldi	1	NA	NA	NA	NA	NA	NA	99
Bhutanitis thaidina	1	NA	NA	NA	NA	NA	NA	99
Bia actorion	1	NA	NA	NA	NA	NA	NA	99
Bibasis sena	3	240.594573	258.700867430976	48.7326193898932	26	-0.371543632533152	0.26	99
Biblis hyperia	2	231.571649	282.069893191919	112.544082875275	16	-0.448697460602021	0.16	99
Bicyclus anynana	1	NA	NA	NA	NA	NA	NA	99
Bindahara phocides	3	236.87122	258.069829757576	54.6967906121087	21	-0.387565879466479	0.21	99
Boloria pales	3	224.812015333333	257.19859289899	42.0465449570972	11	-0.770255382426848	0.11	99
Borbo borbonica	1	NA	NA	NA	NA	NA	NA	99
Borbo cinnara	1	NA	NA	NA	NA	NA	NA	99
Brassolis sophorae	3	143.153653333333	246.597443787879	40.4473938469261	1	-2.55748963322657	0.01	99
Brenthis daphne	2	231.572306	263.271675333333	71.5933815867213	14	-0.442769549793311	0.14	99
Brenthis ino	5	204.152538	246.203623793939	34.4528810007449	6	-1.22053902525685	0.06	99
Brephidium exilis	3	197.0505	254.685023380471	49.3698755569835	5	-1.16740264645692	0.05	99
Brevioleria arzalia	1	NA	NA	NA	NA	NA	NA	99
Brintesia circe	2	187.64298	287.314349030303	117.096181261083	2	-0.851192310089693	0.02	99
Bungalotis astylos	1	NA	NA	NA	NA	NA	NA	99
Bungalotis erythus	1	NA	NA	NA	NA	NA	NA	99
Burara harisa	3	232.82781	257.533161484849	58.8921215393495	25	-0.419501808375867	0.25	99
Burara oedipodea	2	237.157608	275.108774282828	97.9571684452121	15	-0.387426125981321	0.15	99
Burmaozephyrus kothayaungi	1	NA	NA	NA	NA	NA	NA	99
Butleria flavomaculatus	1	NA	NA	NA	NA	NA	NA	99
Byblia anvatara	2	247.469241	257.64885759596	63.3536216172068	40	-0.160679316132337	0.4	99
Byblia ilithyia	1	NA	NA	NA	NA	NA	NA	99
Cabares potrillo	1	NA	NA	NA	NA	NA	NA	99
Cacyreus lingeus	2	247.46905	280.079528242424	104.506072991338	36	-0.312043858399761	0.36	99
Caenides dacela	1	NA	NA	NA	NA	NA	NA	99
Calephelis nemesis	2	263.36208	260.585426191919	74.2938875595116	59	0.0373739199723071	0.59	99
Calephelis perditalis	1	NA	NA	NA	NA	NA	NA	99
Calephelis virginiensis	1	NA	NA	NA	NA	NA	NA	99
Caleta caleta	1	NA	NA	NA	NA	NA	NA	99
Caligo eurilochus	5	122.607548	242.096290107071	32.2175353872795	1	-3.70881076627135	0.01	99
Calinaga buddha	1	NA	NA	NA	NA	NA	NA	99
Calleagris jamesoni	1	NA	NA	NA	NA	NA	NA	99
Callerebia annada	1	NA	NA	NA	NA	NA	NA	99
Callicore astarte	1	NA	NA	NA	NA	NA	NA	99
Callithomia lenea	1	NA	NA	NA	NA	NA	NA	99
Callophrys rubi	9	184.348656666667	229.092578907969	28.3437478213599	5	-1.57861700306206	0.05	99
Calpodes ethlius	4	89.4187825	244.750808757576	34.2696217374428	1	-4.53264490187999	0.01	99
Caltoris cormasa	1	NA	NA	NA	NA	NA	NA	99
Calycopis cecrops	5	208.0243534	238.855324086869	33.8767399736304	10	-0.91009260958603	0.1	99
Calydna sturnula	1	NA	NA	NA	NA	NA	NA	99
Candalides xanthospilos	1	NA	NA	NA	NA	NA	NA	99
Caprona pillaana	1	NA	NA	NA	NA	NA	NA	99
Capronnieria galesus	1	NA	NA	NA	NA	NA	NA	99
Capys alpheus	1	NA	NA	NA	NA	NA	NA	99
Carcharodus alceae	2	237.158112	267.097570090909	82.1622774733421	25	-0.364394208773279	0.25	99
Carcharodus lavatherae	1	NA	NA	NA	NA	NA	NA	99
Caria ino	2	271.51786	292.099558838384	125.767508266609	81	-0.163648776397427	0.81	99
Caria mantinea	1	NA	NA	NA	NA	NA	NA	99
Carrhenes canescens	1	NA	NA	NA	NA	NA	NA	99
Carterocephalus palaemon	1	NA	NA	NA	NA	NA	NA	99
Carystus phorcus	1	NA	NA	NA	NA	NA	NA	99
Cassionympha cassius	2	187.64228	276.474514393939	106.666904025532	6	-0.832800344263072	0.06	99
Castalius rosimon	1	NA	NA	NA	NA	NA	NA	99
Catacroptera cloanthe	2	179.50233	257.976302919192	74.8162381570141	4	-1.04888958402989	0.04	99
Catapaecilma elegans	2	237.157773	276.853982727273	105.418195761192	19	-0.376559373271748	0.19	99
Catapaecilma major	8	192.6571615	231.916822236111	32.2346964192783	7	-1.21793176599087	0.07	99
Catasticta nimbice	1	NA	NA	NA	NA	NA	NA	99
Catochrysops strabo	2	237.158162	267.62844949495	91.5939724451289	23	-0.332666950472132	0.23	99
Catonephele numilia	3	255.587995	256.504356198653	50.1385463991293	76	-0.0182765808836684	0.76	99
Catopsilia scylla	1	NA	NA	NA	NA	NA	NA	99
Catopyrops ancyra	5	185.9417704	247.532702826263	41.0385568365098	4	-1.50080648965386	0.04	99
Celaenorrhinus aurivittata	1	NA	NA	NA	NA	NA	NA	99
Celaenorrhinus leucocera	1	NA	NA	NA	NA	NA	NA	99
Celaenorrhinus patula	1	NA	NA	NA	NA	NA	NA	99
Celastrina argiolus	9	192.396668888889	227.562765156005	24.5770471060379	3	-1.43085115617801	0.03	99
Celotes nessus	1	NA	NA	NA	NA	NA	NA	99
Cephrenes augiades	1	NA	NA	NA	NA	NA	NA	99
Cepora nerissa	2	76.5566	275.976718343434	97.3794308853236	1	-2.04786695229587	0.01	99
Ceratinia neso	1	NA	NA	NA	NA	NA	NA	99
Ceratrichia phocion	1	NA	NA	NA	NA	NA	NA	99
Cerautola ceraunia	0	NA	NA	NA	NA	NA	NA	99
Cercyonis oetus	1	NA	NA	NA	NA	NA	NA	99
Cercyonis pegala	3	215.601008	258.29412820202	51.1765446426306	10	-0.834232176090615	0.1	99
Cethosia biblis	1	NA	NA	NA	NA	NA	NA	99
Cethosia cydippe	2	247.469306	264.027157616162	70.5583489676292	50	-0.234668920948788	0.5	99
Chaetocneme critomedia	5	242.6957916	243.208998648485	37.8923613020823	66	-0.0135438128121259	0.66	99
Chaetoprocta odata	1	NA	NA	NA	NA	NA	NA	99
Chalinga elwesi	1	NA	NA	NA	NA	NA	NA	99
Chalodeta lypera	2	237.158119	263.281290848485	71.4586253707165	20	-0.365570590155657	0.2	99
Chalybs janias	2	247.46875	269.692190686869	91.4769353808255	32	-0.242940371737977	0.32	99
Charana mandarinus	1	NA	NA	NA	NA	NA	NA	99
Charaxes bernardus	5	202.417105	244.997170743434	28.9825882838417	5	-1.46916021876395	0.05	99
Charaxes brutus	4	190.56725675	253.462696560606	45.0001884953304	5	-1.39767058569394	0.05	99
Charaxes contrarius	1	NA	NA	NA	NA	NA	NA	99
Charaxes jasius	10	214.1581265	227.166970956566	23.4037843074531	30	-0.555843631340548	0.3	99
Charaxes varanes	2	159.835339	279.844681555556	104.531473161742	1	-1.14806898750833	0.01	99
Charaxes zoolina	1	NA	NA	NA	NA	NA	NA	99
Charis anius	1	NA	NA	NA	NA	NA	NA	99
Chazara briseis	1	NA	NA	NA	NA	NA	NA	99
Cheritra freja	7	218.393155285714	239.056526200577	33.8425422178021	26	-0.61057383874647	0.26	99
Chersonesia rahria	1	NA	NA	NA	NA	NA	NA	99
Chilades lajus	3	185.608553666667	244.449562148148	48.703362541967	5	-1.20815084237313	0.05	99
Chillanella stelligera	1	NA	NA	NA	NA	NA	NA	99
Chioides albofasciatus	1	NA	NA	NA	NA	NA	NA	99
Chioides catillus	1	NA	NA	NA	NA	NA	NA	99
Chiomara asychis	3	236.871	250.582433474747	53.4754480782469	26	-0.256406144642015	0.26	99
Chiomara georgina	1	NA	NA	NA	NA	NA	NA	99
Chiomara mithrax	1	NA	NA	NA	NA	NA	NA	99
Chitoria chrysolora	1	NA	NA	NA	NA	NA	NA	99
Chloreuptychia arnaca	1	NA	NA	NA	NA	NA	NA	99
Chloroselas esmeralda	1	NA	NA	NA	NA	NA	NA	99
Chloroselas pseudozeritis	1	NA	NA	NA	NA	NA	NA	99
Chlorostrymon simaethis	6	218.361349	232.695712164983	27.4299186739999	18	-0.522581322071886	0.18	99
Chlosyne janais	1	NA	NA	NA	NA	NA	NA	99
Choaspes benjaminii	1	NA	NA	NA	NA	NA	NA	99
Chondrolepis niveicornis	1	NA	NA	NA	NA	NA	NA	99
Choranthus haitensis	1	NA	NA	NA	NA	NA	NA	99
Choranthus radians	1	NA	NA	NA	NA	NA	NA	99
Chorinea licursis	1	NA	NA	NA	NA	NA	NA	99
Chrysoplectrum perniciosus	1	NA	NA	NA	NA	NA	NA	99
Chrysoplectrum pervivax	1	NA	NA	NA	NA	NA	NA	99
Chrysoritis oreas	1	NA	NA	NA	NA	NA	NA	99
Chrysozephyrus ataxus	1	NA	NA	NA	NA	NA	NA	99
Chrysozephyrus smaragdina	2	222.29702	265.204836262626	82.5406000613286	9	-0.519838918432205	0.09	99
Cigaritis takanonis	0	NA	NA	NA	NA	NA	NA	99
Cigaritis zohra	2	237.158003	252.853426282828	63.87319585377	24	-0.245727853022433	0.24	99
Cirrochroa aoris	1	NA	NA	NA	NA	NA	NA	99
Cirrochroa orissa	1	NA	NA	NA	NA	NA	NA	99
Cissia confusa	6	165.390318333333	242.76086910101	34.2927136677242	1	-2.25618046787872	0.01	99
Cissia labe	2	213.46789	270.415368393939	91.45992603503	6	-0.622649512882046	0.06	99
Cissia myncea	1	NA	NA	NA	NA	NA	NA	99
Cissia palladia	2	187.64298	287.314349030303	117.096181261083	2	-0.851192310089693	0.02	99
Cissia penelope	2	187.64298	287.314349030303	117.096181261083	2	-0.851192310089693	0.02	99
Citrinophila erastus	0	NA	NA	NA	NA	NA	NA	99
Cobalus calvina	1	NA	NA	NA	NA	NA	NA	99
Codatractus alcaeus	1	NA	NA	NA	NA	NA	NA	99
Codatractus arizonensis	1	NA	NA	NA	NA	NA	NA	99
Codatractus valeriana	1	NA	NA	NA	NA	NA	NA	99
Coeliades forestan	7	217.494470285714	230.081932509379	26.1310386429461	28	-0.481705392413215	0.28	99
Coeliades ramanatek	2	237.158542	293.231265767677	128.213647749011	28	-0.437338183197501	0.28	99
Coelites nothis	1	NA	NA	NA	NA	NA	NA	99
Coenonympha pamphilus	1	NA	NA	NA	NA	NA	NA	99
Coenyra hebe	1	NA	NA	NA	NA	NA	NA	99
Cogia calchas	1	NA	NA	NA	NA	NA	NA	99
Cogia hippalus	1	NA	NA	NA	NA	NA	NA	99
Colias croceus	1	NA	NA	NA	NA	NA	NA	99
Colias hyale	1	NA	NA	NA	NA	NA	NA	99
Colobura dirce	4	229.0800445	255.198545737374	46.1340458451256	23	-0.566143739594288	0.23	99
Colotis amata	3	95.4618333333333	251.331706811448	41.2316742673377	1	-3.78034305537743	0.01	99
Colotis evagore	1	NA	NA	NA	NA	NA	NA	99
Conga chydaea	1	NA	NA	NA	NA	NA	NA	99
Consul fabius	1	NA	NA	NA	NA	NA	NA	99
Copaeodes aurantiaca	1	NA	NA	NA	NA	NA	NA	99
Corades medeba	1	NA	NA	NA	NA	NA	NA	99
Coreana raphaelis	2	247.46917	275.19199730303	99.8428248076102	38	-0.277664693045796	0.38	99
Coreana stygiana	1	NA	NA	NA	NA	NA	NA	99
Corticea corticea	1	NA	NA	NA	NA	NA	NA	99
Creon cleobis	1	NA	NA	NA	NA	NA	NA	99
Creonpyge creon	1	NA	NA	NA	NA	NA	NA	99
Cressida cressida	1	NA	NA	NA	NA	NA	NA	99
Croitana croites	1	NA	NA	NA	NA	NA	NA	99
Croniades pieria	1	NA	NA	NA	NA	NA	NA	99
Crudaria leroma	1	NA	NA	NA	NA	NA	NA	99
Cunizza hirlanda	1	NA	NA	NA	NA	NA	NA	99
Cupha erymanthis	4	205.504995	249.375693161616	48.8864379823512	13	-0.897400178295957	0.13	99
Cupido comyntas	1	NA	NA	NA	NA	NA	NA	99
Cupido moorei	3	124.812123333333	250.871166232323	47.9142662081338	2	-2.63092921743609	0.02	99
Cupidopsis cissus	1	NA	NA	NA	NA	NA	NA	99
Cupidopsis jobates	1	NA	NA	NA	NA	NA	NA	99
Cupitha purreea	2	247.468463	266.759317040404	83.0384886624057	33	-0.232312200657111	0.33	99
Curetis bulis	2	237.158172	272.531985666667	98.6034488818797	21.5	-0.358748239212628	0.215	99
Curetis saronis	1	NA	NA	NA	NA	NA	NA	99
Curetis tagalica	1	NA	NA	NA	NA	NA	NA	99
Cyaniris semiargus	1	NA	NA	NA	NA	NA	NA	99
Cybdelis phaesyla	1	NA	NA	NA	NA	NA	NA	99
Cyclargus ammon	4	216.32473075	244.025666429293	37.3245207641287	17	-0.742164537204597	0.17	99
Cyclargus thomasi	2	237.158162	267.62844949495	91.5939724451289	23	-0.332666950472132	0.23	99
Cycloglypha thrasibulus	2	271.824982	273.354500393939	89.2992192011822	87	-0.0171280153132536	0.87	99
Cyclyrius webbianus	1	NA	NA	NA	NA	NA	NA	99
Cyllopsis pyracmon	1	NA	NA	NA	NA	NA	NA	99
Cymothoe lurida	3	182.909086666667	249.901618892256	45.8638724735653	5	-1.46068198371609	0.05	99
Cynandra opis	1	NA	NA	NA	NA	NA	NA	99
Cynea cynea	1	NA	NA	NA	NA	NA	NA	99
Cyrestis acilia	1	NA	NA	NA	NA	NA	NA	99
Cyrestis nivea	1	NA	NA	NA	NA	NA	NA	99
Dachetola azora	1	NA	NA	NA	NA	NA	NA	99
Daedalma dinias	1	NA	NA	NA	NA	NA	NA	99
Daimio tethys	3	221.011629333333	249.962799828283	47.5203117125018	11	-0.609237806984607	0.11	99
Danaus chrysippus	1	NA	NA	NA	NA	NA	NA	99
Danaus eresimus	2	120.09499	269.640925313131	90.780971650205	1	-1.64732688574163	0.01	99
Danaus erippus	1	NA	NA	NA	NA	NA	NA	99
Danaus gilippus	1	NA	NA	NA	NA	NA	NA	99
Danaus melanippus	4	204.9896195	241.816738181818	32.6500155513315	7	-1.12793571641396	0.07	99
Danaus plexippus	1	NA	NA	NA	NA	NA	NA	99
Danis danis	3	227.459569666667	249.269625232323	46.9349444834098	25	-0.464686936475782	0.25	99
Dapidodigma demeter	3	214.000927666667	251.081789814815	40.4739338375797	10	-0.916166496119507	0.1	99
Darpa pteria	1	NA	NA	NA	NA	NA	NA	99
Dasyophthalma rusina	2	213.46789	270.415368393939	91.45992603503	6	-0.622649512882046	0.06	99
Davidina armandi	1	NA	NA	NA	NA	NA	NA	99
Decinea decinea	1	NA	NA	NA	NA	NA	NA	99
Delias descombesi	1	NA	NA	NA	NA	NA	NA	99
Delias henningia	1	NA	NA	NA	NA	NA	NA	99
Delias pasithoe	2	162.945508	267.613677111111	81.0524981689692	1	-1.29136265353488	0.01	99
Deloneura ochrascens	0	NA	NA	NA	NA	NA	NA	99
Dercas verhuelli	1	NA	NA	NA	NA	NA	NA	99
Detritivora gynaea	2	271.517	273.683434878788	89.1615466829927	72	-0.0242978611226924	0.72	99
Deudorix antalus	7	190.565188571429	233.239584470418	28.6677297585447	3	-1.48858651377061	0.03	99
Deudorix epijarbas	5	212.4944494	239.241443234343	36.2299143552551	16	-0.738257164288986	0.16	99
Diaethria anna	1	NA	NA	NA	NA	NA	NA	99
Diaethria clymena	2	237.158333	284.573880838384	118.147966030927	26	-0.401323437307183	0.26	99
Dianesia carteri	2	225.40339	256.857838545455	59.9098434919037	10	-0.525029723199082	0.1	99
Dichorragia nesimachus	1	NA	NA	NA	NA	NA	NA	99
Dilipa morgiana	1	NA	NA	NA	NA	NA	NA	99
Dingana dingana	2	271.517139	268.522066676768	91.7142229088881	78	0.032656574173972	0.78	99
Dione juno	1	NA	NA	NA	NA	NA	NA	99
Dira clytus	1	NA	NA	NA	NA	NA	NA	99
Dircenna jemina	1	NA	NA	NA	NA	NA	NA	99
Discolampa ethion	1	NA	NA	NA	NA	NA	NA	99
Discophora celinde	2	213.46789	270.415368393939	91.45992603503	6	-0.622649512882046	0.06	99
Dismorphia theucharila	1	NA	NA	NA	NA	NA	NA	99
Dispar compacta	3	201.49586	254.192447572391	46.3402387781432	5	-1.13716694091023	0.05	99
Dixeia charina	1	NA	NA	NA	NA	NA	NA	99
Dixeia doxo	1	NA	NA	NA	NA	NA	NA	99
Dodona deodata	1	NA	NA	NA	NA	NA	NA	99
Doleschallia bisaltide	3	173.838893333333	248.806810181818	50.4488757424082	6	-1.48601759197313	0.06	99
Doleschallia polibete	1	NA	NA	NA	NA	NA	NA	99
Doxocopa agathina	1	NA	NA	NA	NA	NA	NA	99
Drephalys kidonoi	1	NA	NA	NA	NA	NA	NA	99
Drupadia ravindra	5	230.407361	245.412000525253	39.0110911075013	33	-0.384624964318604	0.33	99
Dryadula phaetusa	1	NA	NA	NA	NA	NA	NA	99
Dryas iulia	1	NA	NA	NA	NA	NA	NA	99
Dubiella dubius	1	NA	NA	NA	NA	NA	NA	99
Dulcedo polita	2	239.54425	263.868358434343	72.9153073933579	23	-0.333593991493742	0.23	99
Durbania amakosa	0	NA	NA	NA	NA	NA	NA	99
Durbaniella clarki	0	NA	NA	NA	NA	NA	NA	99
Durbaniopsis saga	0	NA	NA	NA	NA	NA	NA	99
Dymasia dymas	1	NA	NA	NA	NA	NA	NA	99
Dynamine postverta	1	NA	NA	NA	NA	NA	NA	99
Dynastor darius	1	NA	NA	NA	NA	NA	NA	99
Dyscophellus porcius	1	NA	NA	NA	NA	NA	NA	99
Eagris sabadius	3	176.062206	254.439775774411	47.5945550767775	2	-1.64677597359562	0.02	99
Eantis mithridates	1	NA	NA	NA	NA	NA	NA	99
Eantis thraso	1	NA	NA	NA	NA	NA	NA	99
Ebusus ebusus	1	NA	NA	NA	NA	NA	NA	99
Echinargus isola	1	NA	NA	NA	NA	NA	NA	99
Eetion elia	1	NA	NA	NA	NA	NA	NA	99
Elbella iphinous	2	271.825225	270.824755585859	91.0566582989428	90	0.0109873284703338	0.9	99
Elbella patrobas	1	NA	NA	NA	NA	NA	NA	99
Elbella scylla	2	237.157608	275.108774282828	97.9571684452121	15	-0.387426125981321	0.15	99
Elina montrolii	1	NA	NA	NA	NA	NA	NA	99
Elodina padusa	1	NA	NA	NA	NA	NA	NA	99
Elymnias hypermnestra	1	NA	NA	NA	NA	NA	NA	99
Elymnias nesaea	1	NA	NA	NA	NA	NA	NA	99
Elymniopsis bammakoo	1	NA	NA	NA	NA	NA	NA	99
Elzunia pavonii	1	NA	NA	NA	NA	NA	NA	99
Emesis ares	1	NA	NA	NA	NA	NA	NA	99
Emesis brimo	3	236.870976666667	258.107181858586	50.2622927861588	23	-0.422507689457557	0.23	99
Emesis cypria	1	NA	NA	NA	NA	NA	NA	99
Emesis emesia	2	225.40337	276.845520848485	105.992088538903	11	-0.485339533899301	0.11	99
Emesis lacrines	7	219.742281571429	238.028961839827	31.9901911542441	30	-0.571633979310318	0.3	99
Emesis lucinda	1	NA	NA	NA	NA	NA	NA	99
Emesis mandana	22	203.917107409091	208.26293551056	16.5357428441706	38	-0.262814204503747	0.38	99
Emesis ocypore	1	NA	NA	NA	NA	NA	NA	99
Emesis tegula	2	263.36211	273.484751484849	100.033180705443	56	-0.101192838350862	0.56	99
Emesis tenedia	1	NA	NA	NA	NA	NA	NA	99
Emesis zela	2	225.40301	263.305891151515	83.4110798383933	18	-0.454410627760136	0.18	99
Eogenes alcides	1	NA	NA	NA	NA	NA	NA	99
Eooxylides tharis	2	239.54455	266.085921272727	71.2814511998259	21	-0.372346112852316	0.21	99
Epargyreus clarus	1	NA	NA	NA	NA	NA	NA	99
Epargyreus spanna	2	213.48299	268.418717949495	81.1787817115575	4	-0.676725208130017	0.04	99
Ephyriades arcas	3	240.595196333333	247.249926333333	48.0943301213041	47	-0.138368285475967	0.47	99
Ephyriades brunnea	2	231.572315	270.126224484848	90.110974777056	9	-0.427849211266828	0.09	99
Epiphile orea	1	NA	NA	NA	NA	NA	NA	99
Episcada salvinia	1	NA	NA	NA	NA	NA	NA	99
Epitola urania	0	NA	NA	NA	NA	NA	NA	99
Epityches eupompe	1	NA	NA	NA	NA	NA	NA	99
Eracon paulinus	1	NA	NA	NA	NA	NA	NA	99
Erebia epiphron	1	NA	NA	NA	NA	NA	NA	99
Erebia ligea	2	187.64298	287.314349030303	117.096181261083	2	-0.851192310089693	0.02	99
Eretris porphyria	1	NA	NA	NA	NA	NA	NA	99
Erikssonia acraeina	1	NA	NA	NA	NA	NA	NA	99
Erionota acroleucus	1	NA	NA	NA	NA	NA	NA	99
Erionota thrax	5	149.018678	239.677877642424	39.5944792021527	2	-2.28969294379544	0.02	99
Eroessa chiliensis	1	NA	NA	NA	NA	NA	NA	99
Eronia cleodora	2	133.2723	271.288718929293	91.3876468136832	2	-1.51023058084288	0.02	99
Erora quaderna	4	229.3665325	246.660012366162	40.6543212256481	31	-0.425378639829595	0.31	99
Erynnis brizo	1	NA	NA	NA	NA	NA	NA	99
Erynnis horatius	2	225.40301	263.305891151515	83.4110798383933	18	-0.454410627760136	0.18	99
Erynnis tages	2	247.46876	256.547999424242	61.6246675134298	32	-0.14733125208771	0.32	99
Eryphanis automedon	1	NA	NA	NA	NA	NA	NA	99
Erysichton lineata	3	251.862668	249.898051757576	46.8155413872161	62	0.0419650437485004	0.62	99
Eteona tisiphone	1	NA	NA	NA	NA	NA	NA	99
Etesiolaus catori	1	NA	NA	NA	NA	NA	NA	99
Euapatura mirza	1	NA	NA	NA	NA	NA	NA	99
Euaspa milionia	1	NA	NA	NA	NA	NA	NA	99
Eucheira socialis	1	NA	NA	NA	NA	NA	NA	99
Euchloe ausonia	1	NA	NA	NA	NA	NA	NA	99
Euchloe ausonides	1	NA	NA	NA	NA	NA	NA	99
Euchrysops cnejus	1	NA	NA	NA	NA	NA	NA	99
Eueides isabella	1	NA	NA	NA	NA	NA	NA	99
Euliphyra hewitsoni	0	NA	NA	NA	NA	NA	NA	99
Eumaeus atala	3	413.797683666667	251.090747956229	40.7318182527986	100	3.99459053609173	1	99
Eumaeus minyas	1	NA	NA	NA	NA	NA	NA	99
Eumedonia eumedon	1	NA	NA	NA	NA	NA	NA	99
Eunica monima	2	159.835819	259.693983121212	72.7290117023421	2	-1.37301692658634	0.02	99
Euphaedra neophron	1	NA	NA	NA	NA	NA	NA	99
Euphilotes enoptes	1	NA	NA	NA	NA	NA	NA	99
Euphydryas editha	4	87.3902575	249.193755335859	39.4150474146716	1	-4.1051199592273	0.01	99
Euphyes arpa	1	NA	NA	NA	NA	NA	NA	99
Euphyes dion	1	NA	NA	NA	NA	NA	NA	99
Euploea phaenareta	2	247.46951	260.22718459596	60.4815458502238	50	-0.210934995404262	0.5	99
Euploea radamanthus	1	NA	NA	NA	NA	NA	NA	99
Euptoieta claudia	11	191.506815272727	228.537182581267	23.761350512938	5	-1.55842856189412	0.05	99
Euptychoides eugenia	1	NA	NA	NA	NA	NA	NA	99
Eurema mandarina	2	225.40335	271.904963272727	98.7381129185899	12	-0.470959104829845	0.12	99
Eurema mexicana	1	NA	NA	NA	NA	NA	NA	99
Euriphellus euribates	1	NA	NA	NA	NA	NA	NA	99
Euriphene amicia	1	NA	NA	NA	NA	NA	NA	99
Euripus nyctelius	3	173.092646666667	259.58116426936	54.3630755016838	3	-1.59094232260673	0.03	99
Euryades corethrus	1	NA	NA	NA	NA	NA	NA	99
Eurybia lycisca	1	NA	NA	NA	NA	NA	NA	99
Eurytela dryope	4	225.41549075	243.327452843434	34.1991842315615	22	-0.52375407472158	0.22	99
Eurytides dioxippus	1	NA	NA	NA	NA	NA	NA	99
Eurytides dolicaon	2	255.403303	275.198865121212	98.2140639815972	55	-0.201555269364694	0.55	99
Eurytides marcellus	1	NA	NA	NA	NA	NA	NA	99
Eurytides philolaus	1	NA	NA	NA	NA	NA	NA	99
Euschemon rafflesia	1	NA	NA	NA	NA	NA	NA	99
Euselasia chrysippe	1	NA	NA	NA	NA	NA	NA	99
Euthalia evelina	5	219.1686226	242.553759515152	34.6364486812571	21	-0.675159775482583	0.21	99
Euthalia lubentina	1	NA	NA	NA	NA	NA	NA	99
Euthaliopsis aetion	1	NA	NA	NA	NA	NA	NA	99
Eutresis hypereia	1	NA	NA	NA	NA	NA	NA	99
Euxanthe eurinome	2	237.158162	267.62844949495	91.5939724451289	23	-0.332666950472132	0.23	99
Evena crithea	2	247.469192	268.072480767677	80.9066672618983	45	-0.25465501750286	0.45	99
Evenus regalis	2	239.748742	270.304246848485	91.3553059762135	25	-0.334468857850914	0.25	99
Exometoeca nycteris	1	NA	NA	NA	NA	NA	NA	99
Exoplisia cadmeis	1	NA	NA	NA	NA	NA	NA	99
Falga jeconia	1	NA	NA	NA	NA	NA	NA	99
Faunis eumeus	3	235.684216666667	245.858168138047	34.2604724355841	24	-0.296958878500853	0.24	99
Feniseca tarquinius	0	NA	NA	NA	NA	NA	NA	99
Flos apidanus	3	188.851973333333	250.369753683502	41.1098890329639	5	-1.49642292395488	0.05	99
Forsterinaria pronophila	1	NA	NA	NA	NA	NA	NA	99
Fountainea nessus	1	NA	NA	NA	NA	NA	NA	99
Fresna netopha	2	237.158162	267.62844949495	91.5939724451289	23	-0.332666950472132	0.23	99
Fresna nyassae	2	237.158162	267.62844949495	91.5939724451289	23	-0.332666950472132	0.23	99
Freyeria trochylus	3	236.87089	249.543753525253	43.6214745693363	33	-0.290518916436652	0.33	99
Gamia buchholzi	2	229.20117	255.926811525253	45.8752525768846	10	-0.582572084599681	0.1	99
Gamia shelleyi	2	229.20117	255.926811525253	45.8752525768846	10	-0.582572084599681	0.1	99
Gandaca harina	3	244.990009666667	248.502645410774	46.019422853325	51	-0.0763294175875121	0.51	99
Gangara thyrsis	2	196.4188	269.45402140404	92.2636727536679	8	-0.791592391937779	0.08	99
Ganyra josephina	2	118.95147	269.574648222222	91.4170846229643	2	-1.64764801725459	0.02	99
Ganyra phaloe	1	NA	NA	NA	NA	NA	NA	99
Gegenes pumilio	1	NA	NA	NA	NA	NA	NA	99
Geitoneura klugii	1	NA	NA	NA	NA	NA	NA	99
Gerosis bhagava	2	271.51689	258.541009474747	59.5503688765893	77	0.217897567555684	0.77	99
Gesta gesta	1	NA	NA	NA	NA	NA	NA	99
Gideona lucasi	1	NA	NA	NA	NA	NA	NA	99
Glabroculus cyane	1	NA	NA	NA	NA	NA	NA	99
Glaucopsyche lygdamus	1	NA	NA	NA	NA	NA	NA	99
Glennia pylotis	3	80.5200233333333	250.532288447811	44.5367589291702	1	-3.81734704550145	0.01	99
Glutophrissa drusilla	6	126.180047	234.990801976431	31.348495349839	1	-3.47100407091754	0.01	99
Gnophodes betsimena	1	NA	NA	NA	NA	NA	NA	99
Godyris duillia	1	NA	NA	NA	NA	NA	NA	99
Gomalia elma	1	NA	NA	NA	NA	NA	NA	99
Gonepteryx rhamni	2	197.92356	273.189577474747	98.7189146107124	4	-0.762427522340081	0.04	99
Gonerilia seraphim	1	NA	NA	NA	NA	NA	NA	99
Grais stigmaticus	1	NA	NA	NA	NA	NA	NA	99
Graphium agamemnon	2	216.76	251.346899353535	67.4712088731789	15.5	-0.512617158209601	0.155	99
Graphium evemon	4	240.18709875	239.240902032828	41.3921828537594	49	0.0228593094622401	0.49	99
Graphium sarpedon	4	216.2846815	243.131969482323	38.2822109906204	16	-0.701299305541708	0.16	99
Greta morgane	1	NA	NA	NA	NA	NA	NA	99
Gretna cylinda	1	NA	NA	NA	NA	NA	NA	99
Gunayan rubricollis	1	NA	NA	NA	NA	NA	NA	99
Gyrocheilus patrobas	1	NA	NA	NA	NA	NA	NA	99
Habrodais grunus	1	NA	NA	NA	NA	NA	NA	99
Hades noctula	3	255.586824666667	261.48914406734	57.5776160920331	74	-0.102510659545873	0.74	99
Haematera pyrame	1	NA	NA	NA	NA	NA	NA	99
Haetera piera	1	NA	NA	NA	NA	NA	NA	99
Halotus rica	1	NA	NA	NA	NA	NA	NA	99
Halpe porus	1	NA	NA	NA	NA	NA	NA	99
Hamadryas amphinome	2	247.469019	265.287256828283	71.039566795345	34	-0.250821318767535	0.34	99
Hamanumida daedalus	3	255.587383666667	250.165383114478	39.2639864850914	81	0.138090933640863	0.81	99
Hamearis lucina	1	NA	NA	NA	NA	NA	NA	99
Harma theobene	3	182.909086666667	249.901618892256	45.8638724735653	5	-1.46068198371609	0.05	99
Hasora badra	1	NA	NA	NA	NA	NA	NA	99
Hasora chromus	4	185.0652095	244.414534209596	27.8799318965689	1	-2.128747119246	0.01	99
Hayashikeia courvoisieri	1	NA	NA	NA	NA	NA	NA	99
Hebomoia glaucippe	3	80.5200233333333	250.532288447811	44.5367589291702	1	-3.81734704550145	0.01	99
Helias phalaenoides	1	NA	NA	NA	NA	NA	NA	99
Heliconius atthis	1	NA	NA	NA	NA	NA	NA	99
Heliconius besckei	1	NA	NA	NA	NA	NA	NA	99
Heliconius charithonia	1	NA	NA	NA	NA	NA	NA	99
Heliconius cydno	1	NA	NA	NA	NA	NA	NA	99
Heliconius eleuchia	1	NA	NA	NA	NA	NA	NA	99
Heliconius elevatus	1	NA	NA	NA	NA	NA	NA	99
Heliconius erato	1	NA	NA	NA	NA	NA	NA	99
Heliconius ethilla	1	NA	NA	NA	NA	NA	NA	99
Heliconius hecale	1	NA	NA	NA	NA	NA	NA	99
Heliconius hermathena	1	NA	NA	NA	NA	NA	NA	99
Heliconius heurippa	1	NA	NA	NA	NA	NA	NA	99
Heliconius hewitsoni	1	NA	NA	NA	NA	NA	NA	99
Heliconius himera	1	NA	NA	NA	NA	NA	NA	99
Heliconius hortense	1	NA	NA	NA	NA	NA	NA	99
Heliconius ismenius	1	NA	NA	NA	NA	NA	NA	99
Heliconius melpomene	1	NA	NA	NA	NA	NA	NA	99
Heliconius numata	1	NA	NA	NA	NA	NA	NA	99
Heliconius pardalinus	1	NA	NA	NA	NA	NA	NA	99
Heliconius ricini	1	NA	NA	NA	NA	NA	NA	99
Heliconius sapho	1	NA	NA	NA	NA	NA	NA	99
Heliconius sara	1	NA	NA	NA	NA	NA	NA	99
Heliconius timareta	1	NA	NA	NA	NA	NA	NA	99
Heliconius wallacei	1	NA	NA	NA	NA	NA	NA	99
Heliconius xanthocles	1	NA	NA	NA	NA	NA	NA	99
Helicopis cupido	1	NA	NA	NA	NA	NA	NA	99
Heliopetes ericetorum	1	NA	NA	NA	NA	NA	NA	99
Heliophorus epicles	1	NA	NA	NA	NA	NA	NA	99
Heliopyrgus domicella	1	NA	NA	NA	NA	NA	NA	99
Hemiolaus caeculus	1	NA	NA	NA	NA	NA	NA	99
Heraclides aristodemus	1	NA	NA	NA	NA	NA	NA	99
Heraclides cresphontes	1	NA	NA	NA	NA	NA	NA	99
Heraclides thoas	2	271.824694	265.614088090909	83.6650407584465	89	0.0742317920697832	0.89	99
Herimosa albovenata	1	NA	NA	NA	NA	NA	NA	99
Hermeuptychia hermes	1	NA	NA	NA	NA	NA	NA	99
Hermeuptychia sosybius	1	NA	NA	NA	NA	NA	NA	99
Herona marathus	1	NA	NA	NA	NA	NA	NA	99
Hesperia comma	3	215.600983333333	253.117356821549	47.1505119271719	10	-0.795672665148638	0.1	99
Hesperia meskei	1	NA	NA	NA	NA	NA	NA	99
Hesperilla ornata	1	NA	NA	NA	NA	NA	NA	99
Hesperocharis marchalii	3	187.854031	242.031892888889	37.5726604220583	6	-1.44194904700126	0.06	99
Hesperopsis alpheus	1	NA	NA	NA	NA	NA	NA	99
Hestina assimilis	1	NA	NA	NA	NA	NA	NA	99
Hestinalis nama	1	NA	NA	NA	NA	NA	NA	99
Hestina persimilis	2	146.93759	303.453307515152	137.868378865097	2	-1.13525464507203	0.02	99
Heteronympha merope	2	187.64298	287.314349030303	117.096181261083	2	-0.851192310089693	0.02	99
Heteropterus morpheus	2	187.64298	287.314349030303	117.096181261083	2	-0.851192310089693	0.02	99
Heterosais nephele	1	NA	NA	NA	NA	NA	NA	99
Hewitsonia intermedia	0	NA	NA	NA	NA	NA	NA	99
Hewitsoniella migonitis	1	NA	NA	NA	NA	NA	NA	99
Hidari irava	2	213.46789	270.415368393939	91.45992603503	6	-0.622649512882046	0.06	99
Hipparchia senthes	1	NA	NA	NA	NA	NA	NA	99
Historis odius	1	NA	NA	NA	NA	NA	NA	99
Horaga onyx	5	237.0298506	245.854788173737	37.8527783222954	46	-0.233138436988638	0.46	99
Howarthia caelestis	1	NA	NA	NA	NA	NA	NA	99
Hyarotis adrastus	1	NA	NA	NA	NA	NA	NA	99
Hylephila phyleus	1	NA	NA	NA	NA	NA	NA	99
Hypanartia lethe	2	146.93759	303.453307515152	137.868378865097	2	-1.13525464507203	0.02	99
Hypaurotis crysalus	1	NA	NA	NA	NA	NA	NA	99
Hypermnestra helios	1	NA	NA	NA	NA	NA	NA	99
Hyphilaria thasus	2	229.20252	296.365841161616	134.300115265669	16	-0.500098760367817	0.16	99
Hypna clytemnestra	1	NA	NA	NA	NA	NA	NA	99
Hypochrysops polycletus	1	NA	NA	NA	NA	NA	NA	99
Hypoleria lavinia	1	NA	NA	NA	NA	NA	NA	99
Hypoleucis tripunctata	1	NA	NA	NA	NA	NA	NA	99
Hypolimnas anthedon	2	247.46863	289.574513878788	116.284270479628	28	-0.362094406277972	0.28	99
Hypolimnas bolina	11	158.716087545455	221.106950399449	25.046515151409	1	-2.49099974494794	0.01	99
Hypolimnas misippus	7	135.381233285714	231.749221093795	30.4295634059614	1	-3.16691983129805	0.01	99
Hypolycaena phorbas	12	182.231207166667	223.554068245791	23.9782701788055	3	-1.72334621184017	0.03	99
Hypolycaena sipylus	3	202.158367666667	260.486568239057	56.1373287872582	6	-1.03902700453445	0.06	99
Hyponephele lycaon	1	NA	NA	NA	NA	NA	NA	99
Hypothyris euclea	1	NA	NA	NA	NA	NA	NA	99
Hypsochila wagenknechti	1	NA	NA	NA	NA	NA	NA	99
Iambrix salsala	1	NA	NA	NA	NA	NA	NA	99
Idea leuconoe	1	NA	NA	NA	NA	NA	NA	99
Ideopsis gaura	1	NA	NA	NA	NA	NA	NA	99
Ideopsis vitrea	2	213.48325	266.992429232323	81.7910028246324	7	-0.654218402812005	0.07	99
Inbio hilara	1	NA	NA	NA	NA	NA	NA	99
Iolana iolas	2	247.46914	260.309666	72.4809327222272	42	-0.17715729527391	0.42	99
Iolaus bellina	1	NA	NA	NA	NA	NA	NA	99
Iophanus pyrrhias	1	NA	NA	NA	NA	NA	NA	99
Iphiclides podalirius	1	NA	NA	NA	NA	NA	NA	99
Ipidecla miadora	1	NA	NA	NA	NA	NA	NA	99
Iraota rochana	2	225.40336	255.975245131313	61.6121502837191	9	-0.496198963849371	0.09	99
Iratsume orsedice	2	244.81111	281.587535626263	110.355157033565	18	-0.333255161016869	0.18	99
Iridana perdita	0	NA	NA	NA	NA	NA	NA	99
Isma bononia	1	NA	NA	NA	NA	NA	NA	99
Isoteinon lamprospilus	1	NA	NA	NA	NA	NA	NA	99
Issoria baumanni	1	NA	NA	NA	NA	NA	NA	99
Issoria lathonia	4	232.461889	240.427874666667	32.215675843793	33	-0.247270481156195	0.33	99
Ithomia drymo	1	NA	NA	NA	NA	NA	NA	99
Ithomia patilla	1	NA	NA	NA	NA	NA	NA	99
Ixias pyrene	1	NA	NA	NA	NA	NA	NA	99
Jacoona anasuja	1	NA	NA	NA	NA	NA	NA	99
Jalmenus evagoras	1	NA	NA	NA	NA	NA	NA	99
Jameela palmyra	1	NA	NA	NA	NA	NA	NA	99
Jamides bochus	1	NA	NA	NA	NA	NA	NA	99
Japonica saepestriata	1	NA	NA	NA	NA	NA	NA	99
Jemadia pseudognetus	1	NA	NA	NA	NA	NA	NA	99
Jonaspyge aesculapus	1	NA	NA	NA	NA	NA	NA	99
Juditha caucana	11	210.930377363636	224.615375145087	24.5126259109622	28	-0.558283630287476	0.28	99
Junea doraete	1	NA	NA	NA	NA	NA	NA	99
Junonia coenia	6	89.7026203333333	237.33543296633	31.2411800413934	1	-4.72558374675311	0.01	99
Junonia natalica	3	94.398954	251.105811885522	46.6952143789049	1	-3.35595113910252	0.01	99
Kallima limborgii	1	NA	NA	NA	NA	NA	NA	99
Kallima paralekta	1	NA	NA	NA	NA	NA	NA	99
Kallimoides rumia	1	NA	NA	NA	NA	NA	NA	99
Kaniska canace	2	111.1524	269.013737929293	80.9911304589418	1	-1.94911883603502	0.01	99
Kedestes barberae	1	NA	NA	NA	NA	NA	NA	99
Kirinia epimenides	2	187.64298	287.314349030303	117.096181261083	2	-0.851192310089693	0.02	99
Kisutam syllis	1	NA	NA	NA	NA	NA	NA	99
Kolana ligurina	5	222.5872492	240.636787137374	38.662163446809	30	-0.466852765810845	0.3	99
Kretania psylorita	1	NA	NA	NA	NA	NA	NA	99
Kricogonia lyside	1	NA	NA	NA	NA	NA	NA	99
Lachnocnema bibulus	0	NA	NA	NA	NA	NA	NA	99
Lachnoptera ayresii	2	189.730537	267.290892616162	92.7452468472753	5	-0.836273105659864	0.05	99
Laeosopis roboris	1	NA	NA	NA	NA	NA	NA	99
Lampides boeticus	2	192.1498	261.60634130303	72.1280874505175	5	-0.962961084344293	0.05	99
Lamprolenis nitida	1	NA	NA	NA	NA	NA	NA	99
Lamproptera curius	1	NA	NA	NA	NA	NA	NA	99
Lamproptera meges	2	271.824284	262.308302242424	72.7006454128958	89	0.130892672321281	0.89	99
Laothus barajo	1	NA	NA	NA	NA	NA	NA	99
Lasaia agesilas	1	NA	NA	NA	NA	NA	NA	99
Lasaia sula	1	NA	NA	NA	NA	NA	NA	99
Lasiommata megera	1	NA	NA	NA	NA	NA	NA	99
Lebadea martha	3	236.871242333333	259.26489840404	49.2545584056696	25	-0.454651443350052	0.25	99
Lemonias zygia	1	NA	NA	NA	NA	NA	NA	99
Leodonta tellane	1	NA	NA	NA	NA	NA	NA	99
Lepella lepeletier	2	213.46858	278.283449010101	106.542001551285	7	-0.608350397649531	0.07	99
Lepidochrysops patricia	2	94.542824	277.866604909091	98.4943310516902	1	-1.86126225694027	0.01	99
Leptalina unicolor	1	NA	NA	NA	NA	NA	NA	99
Leptidea juvernica	1	NA	NA	NA	NA	NA	NA	99
Leptidea reali	1	NA	NA	NA	NA	NA	NA	99
Leptidea sinapis	1	NA	NA	NA	NA	NA	NA	99
Leptomyrina gorgias	2	247.46966	291.528101949495	122.152670633114	52	-0.360683411350249	0.52	99
Leptophobia eleone	1	NA	NA	NA	NA	NA	NA	99
Leptosia alcesta	2	247.468833	276.878275030303	96.9081309790068	30	-0.303477548614305	0.3	99
Leptotes cassius	2	247.46895	265.52316730303	92.9562966192921	41	-0.1942226396666	0.41	99
Lerema accius	1	NA	NA	NA	NA	NA	NA	99
Lerodea eufala	2	187.64298	287.314349030303	117.096181261083	2	-0.851192310089693	0.02	99
Lethe anthedon	2	271.517173	277.675543878788	106.556042132993	71.5	-0.0577946661260332	0.715	99
Lethe dura	1	NA	NA	NA	NA	NA	NA	99
Lethe europa	1	NA	NA	NA	NA	NA	NA	99
Lethe rohria	1	NA	NA	NA	NA	NA	NA	99
Leucantigius atayalica	1	NA	NA	NA	NA	NA	NA	99
Leucidia brephos	1	NA	NA	NA	NA	NA	NA	99
Leucochimona icare	2	271.51674	285.736170919192	118.119950551176	66	-0.120381280662925	0.66	99
Leucochitonea levubu	1	NA	NA	NA	NA	NA	NA	99
Lexias aeropa	1	NA	NA	NA	NA	NA	NA	99
Libythea celtis	2	197.92358	277.55800030303	105.465059219826	6	-0.755078704664113	0.06	99
Libythea lepita	1	NA	NA	NA	NA	NA	NA	99
Lieinix nemesis	1	NA	NA	NA	NA	NA	NA	99
Limenitis arthemis	6	189.615980666667	240.954000813131	36.0962684131507	4	-1.42225283674367	0.04	99
Limenitis cottini	1	NA	NA	NA	NA	NA	NA	99
Limenitis populi	1	NA	NA	NA	NA	NA	NA	99
Limenitis sulpitia	1	NA	NA	NA	NA	NA	NA	99
Lipaphnaeus aderna	1	NA	NA	NA	NA	NA	NA	99
Liphyra brassolis	0	NA	NA	NA	NA	NA	NA	99
Logania malayica	0	NA	NA	NA	NA	NA	NA	99
Lopinga deidamia	2	187.64298	287.314349030303	117.096181261083	2	-0.851192310089693	0.02	99
Lotongus calathus	1	NA	NA	NA	NA	NA	NA	99
Loxura atymnus	2	239.54455	266.085921272727	71.2814511998259	21	-0.372346112852316	0.21	99
Lucia limbaria	1	NA	NA	NA	NA	NA	NA	99
Lucinia cadma	2	247.469492	267.758307828283	90.6604693654398	60	-0.223789000545557	0.6	99
Luehdorfia japonica	1	NA	NA	NA	NA	NA	NA	99
Luehdorfia puziloi	1	NA	NA	NA	NA	NA	NA	99
Luthrodes cleotas	1	NA	NA	NA	NA	NA	NA	99
Lycaena hippothoe	1	NA	NA	NA	NA	NA	NA	99
Lycas argentea	1	NA	NA	NA	NA	NA	NA	99
Lychnuchoides ozias	1	NA	NA	NA	NA	NA	NA	99
Lycorea halia	4	236.94283575	241.937778252525	34.2194232715469	44	-0.145968050451583	0.44	99
Lysandra coridon	1	NA	NA	NA	NA	NA	NA	99
Macrosoma hyacinthina	1	NA	NA	NA	NA	NA	NA	99
Macrosoma rubedinaria	1	NA	NA	NA	NA	NA	NA	99
Macrosoma tipulata	1	NA	NA	NA	NA	NA	NA	99
Magnastigma hirsuta	1	NA	NA	NA	NA	NA	NA	99
Magneuptychia alcinoe	1	NA	NA	NA	NA	NA	NA	99
Magneuptychia libye	1	NA	NA	NA	NA	NA	NA	99
Magneuptychia ocnus	1	NA	NA	NA	NA	NA	NA	99
Mahathala ameria	2	247.469009	264.602557464646	72.3652223222926	33	-0.236764953036956	0.33	99
Manataria hercyna	1	NA	NA	NA	NA	NA	NA	99
Mandarinia regalis	1	NA	NA	NA	NA	NA	NA	99
Maniola jurtina	1	NA	NA	NA	NA	NA	NA	99
Manto hypoleuca	2	247.46991	270.910908232323	90.7376867646023	59	-0.25833806291685	0.59	99
Marpesia eleuchea	1	NA	NA	NA	NA	NA	NA	99
Matapa aria	1	NA	NA	NA	NA	NA	NA	99
Mathania aureomaculata	1	NA	NA	NA	NA	NA	NA	99
Maurus vogelii	2	237.157869	270.016280333333	91.0853637176247	23	-0.360743043582702	0.23	99
Mcclungia cymo	1	NA	NA	NA	NA	NA	NA	99
Meandrusa lachinus	1	NA	NA	NA	NA	NA	NA	99
Mechanitis lysimnia	1	NA	NA	NA	NA	NA	NA	99
Mechanitis polymnia	1	NA	NA	NA	NA	NA	NA	99
Megathymus streckeri	1	NA	NA	NA	NA	NA	NA	99
Megathymus ursus	1	NA	NA	NA	NA	NA	NA	99
Megathymus yuccae	1	NA	NA	NA	NA	NA	NA	99
Megeuptychia antonoe	1	NA	NA	NA	NA	NA	NA	99
Megisba malaya	3	233.434263	252.238341538721	51.3890500632197	27	-0.365916056350282	0.27	99
Megisto cymela	2	187.64298	287.314349030303	117.096181261083	2	-0.851192310089693	0.02	99
Megisto rubricata	2	178.164	269.934217454545	91.2011704580882	2	-1.00623947032257	0.02	99
Melampias huebneri	1	NA	NA	NA	NA	NA	NA	99
Melanargia galathea	2	178.164	269.934217454545	91.2011704580882	2	-1.00623947032257	0.02	99
Melanis pixe	1	NA	NA	NA	NA	NA	NA	99
Melanitis leda	2	187.64298	287.314349030303	117.096181261083	2	-0.851192310089693	0.02	99
Melanocyma faunula	1	NA	NA	NA	NA	NA	NA	99
Melanolycaena altimontana	2	247.468899	269.945668161616	91.618919314044	34	-0.245328905098434	0.34	99
Melete lycimnia	1	NA	NA	NA	NA	NA	NA	99
Melinaea menophilus	1	NA	NA	NA	NA	NA	NA	99
Melitaea cinxia	3	141.738033333333	256.111261636364	45.4707735641322	2	-2.51531300961304	0.02	99
Melphinyet flavina	1	NA	NA	NA	NA	NA	NA	99
Melphinyet tarace	1	NA	NA	NA	NA	NA	NA	99
Memphis pithyusa	1	NA	NA	NA	NA	NA	NA	99
Mesene croceella	1	NA	NA	NA	NA	NA	NA	99
Mesene phareus	2	237.158162	267.62844949495	91.5939724451289	23	-0.332666950472132	0.23	99
Mesodina halyzia	1	NA	NA	NA	NA	NA	NA	99
Mesosemia grandis	1	NA	NA	NA	NA	NA	NA	99
Mesoxantha ethosea	2	247.469241	257.64885759596	63.3536216172068	40	-0.160679316132337	0.4	99
Mestra dorcas	1	NA	NA	NA	NA	NA	NA	99
Metacharis umbrata	1	NA	NA	NA	NA	NA	NA	99
Metamorpha elissa	1	NA	NA	NA	NA	NA	NA	99
Methona themisto	4	207.789416	243.448591919192	39.4656021330361	14	-0.903550788329214	0.14	99
Metisella metis	1	NA	NA	NA	NA	NA	NA	99
Meza meza	1	NA	NA	NA	NA	NA	NA	99
Michaelus ira	1	NA	NA	NA	NA	NA	NA	99
Microceris variicolor	1	NA	NA	NA	NA	NA	NA	99
Microtia elva	1	NA	NA	NA	NA	NA	NA	99
Miletus symethus	0	NA	NA	NA	NA	NA	NA	99
Mimathyma chevana	1	NA	NA	NA	NA	NA	NA	99
Mimeresia libentina	0	NA	NA	NA	NA	NA	NA	99
Mimoides xynias	1	NA	NA	NA	NA	NA	NA	99
Mimoniades ocyalus	1	NA	NA	NA	NA	NA	NA	99
Ministrymon leda	1	NA	NA	NA	NA	NA	NA	99
Minois dryas	2	187.64298	287.314349030303	117.096181261083	2	-0.851192310089693	0.02	99
Mnasilus allubita	1	NA	NA	NA	NA	NA	NA	99
Moduza procris	1	NA	NA	NA	NA	NA	NA	99
Moeros moeros	1	NA	NA	NA	NA	NA	NA	99
Monza punctata	1	NA	NA	NA	NA	NA	NA	99
Morpho helenor	6	208.731578166667	240.207935498317	37.5874319771904	12	-0.837417074695366	0.12	99
Morphopsis albertisi	3	210.79395	246.321357811448	39.8782773698899	13	-0.890896251157349	0.13	99
Morvina morvus	1	NA	NA	NA	NA	NA	NA	99
Morys compta	1	NA	NA	NA	NA	NA	NA	99
Mota massyla	1	NA	NA	NA	NA	NA	NA	99
Motasingha trimaculata	2	213.46811	278.590013242424	96.3319137954589	4	-0.676015877569892	0.04	99
Mycalesis francisca	1	NA	NA	NA	NA	NA	NA	99
Mycalesis tagala	1	NA	NA	NA	NA	NA	NA	99
Mygona irmina	1	NA	NA	NA	NA	NA	NA	99
Mylothris chloris	2	162.945508	267.613677111111	81.0524981689692	1	-1.29136265353488	0.01	99
Myrina silenus	1	NA	NA	NA	NA	NA	NA	99
Myscelia cyaniris	1	NA	NA	NA	NA	NA	NA	99
Myscelia orsis	1	NA	NA	NA	NA	NA	NA	99
Myscelus amystis	2	158.29681	285.131543787879	118.689890402221	2	-1.06862289077913	0.02	99
Myscelus belti	1	NA	NA	NA	NA	NA	NA	99
Myscelus epimachia	1	NA	NA	NA	NA	NA	NA	99
Myscelus nobilis	1	NA	NA	NA	NA	NA	NA	99
Mysoria barcastus	1	NA	NA	NA	NA	NA	NA	99
Nabokovia faga	1	NA	NA	NA	NA	NA	NA	99
Nacaduba kurava	6	160.712589666667	238.849483823232	35.5758320082142	2	-2.19634762550387	0.02	99
Napaea eucharila	1	NA	NA	NA	NA	NA	NA	99
Napeocles jucunda	1	NA	NA	NA	NA	NA	NA	99
Narcosius colossus	2	271.824702	259.659400949495	61.1567940456587	87	0.198919862303812	0.87	99
Nascus phocus	2	158.29681	285.131543787879	118.689890402221	2	-1.06862289077913	0.02	99
Nastra julia	1	NA	NA	NA	NA	NA	NA	99
Nathalis iole	5	205.167534	244.301192652525	38.6414399068053	9	-1.01273810569448	0.09	99
Neita neita	1	NA	NA	NA	NA	NA	NA	99
Nelia nemyroides	1	NA	NA	NA	NA	NA	NA	99
Neocoenyra duplex	1	NA	NA	NA	NA	NA	NA	99
Neohesperilla croceus	1	NA	NA	NA	NA	NA	NA	99
Neohesperilla xanthomera	1	NA	NA	NA	NA	NA	NA	99
Neolucia agricola	1	NA	NA	NA	NA	NA	NA	99
Neolysandra diana	1	NA	NA	NA	NA	NA	NA	99
Neominois ridingsii	1	NA	NA	NA	NA	NA	NA	99
Neomyrina nivea	3	248.713825666667	245.264116154882	37.094514696133	62	0.0929978337779448	0.62	99
Neonympha areolatus	2	187.64298	287.314349030303	117.096181261083	2	-0.851192310089693	0.02	99
Neophasia menapia	1	NA	NA	NA	NA	NA	NA	99
Neopithecops zalmora	2	247.468504	256.130336838384	46.6788260811163	23	-0.185562353760391	0.23	99
Neorina crishna	1	NA	NA	NA	NA	NA	NA	99
Neoxeniades braesia	1	NA	NA	NA	NA	NA	NA	99
Neozephyrus japonica	1	NA	NA	NA	NA	NA	NA	99
Neozephyrus orientalis	1	NA	NA	NA	NA	NA	NA	99
Neptidopsis ophione	1	NA	NA	NA	NA	NA	NA	99
Neptis sappho	5	190.0460926	248.105505793939	42.0254535593247	4	-1.3815297225045	0.04	99
Neruda aoede	1	NA	NA	NA	NA	NA	NA	99
Nesolycaena albosericea	1	NA	NA	NA	NA	NA	NA	99
Nesoxenica leprea	1	NA	NA	NA	NA	NA	NA	99
Nessaea aglaura	1	NA	NA	NA	NA	NA	NA	99
Netrobalane canopus	1	NA	NA	NA	NA	NA	NA	99
Netrocoryne repanda	8	269.6625335	233.839274426768	28.9250289565137	85	1.23848654143405	0.85	99
Neurellipes lusones	1	NA	NA	NA	NA	NA	NA	99
Nica flavilla	1	NA	NA	NA	NA	NA	NA	99
Ninguta schrenkii	2	187.64298	287.314349030303	117.096181261083	2	-0.851192310089693	0.02	99
Niphanda fusca	0	NA	NA	NA	NA	NA	NA	99
Noctuana haematospila	1	NA	NA	NA	NA	NA	NA	99
Nosea hainanensis	1	NA	NA	NA	NA	NA	NA	99
Notheme erota	1	NA	NA	NA	NA	NA	NA	99
Nothodanis schaeffera	1	NA	NA	NA	NA	NA	NA	99
Notocrypta curvifascia	3	100.349296666667	257.713398420875	49.0470540546093	1	-3.20843126641201	0.01	99
Notocrypta feisthamelii	4	99.1063525	250.160495262626	39.0251097819829	1	-3.87069103985877	0.01	99
Nyctelius nyctelius	1	NA	NA	NA	NA	NA	NA	99
Nymphalis antiopa	8	175.042401	234.739142704545	32.2576726149891	3	-1.85062147592155	0.03	99
Nymphalis xanthomelas	5	196.667045	247.407108923232	39.7297270361545	4	-1.27713094723904	0.04	99
Nymphidium caricae	1	NA	NA	NA	NA	NA	NA	99
Nymphidium onaeum	2	231.571925	269.819668949495	90.1951936879162	10	-0.424055233828043	0.1	99
Oarisma garita	1	NA	NA	NA	NA	NA	NA	99
Oboronia punctatus	2	92.2634	278.598784585859	105.060400396307	1	-1.77360245994654	0.01	99
Ocaria ocrisia	5	196.2610036	246.577861379798	45.8563605471513	10	-1.09727106947487	0.1	99
Ochlodes sylvanoides	1	NA	NA	NA	NA	NA	NA	99
Ocybadistes flavovittata	1	NA	NA	NA	NA	NA	NA	99
Ocybadistes walkeri	3	201.495926666667	259.744001589226	51.6701937283265	6	-1.12730513899015	0.06	99
Odina hieroglyphica	1	NA	NA	NA	NA	NA	NA	99
Odontoptilum angulata	2	208.517279	276.551780171717	106.686205904777	6	-0.637706633155947	0.06	99
Oeneis norna	2	187.64298	287.314349030303	117.096181261083	2	-0.851192310089693	0.02	99
Oenomaus ortygnus	1	NA	NA	NA	NA	NA	NA	99
Oerane microthyrus	1	NA	NA	NA	NA	NA	NA	99
Ogyris amaryllis	1	NA	NA	NA	NA	NA	NA	99
Oileides azines	1	NA	NA	NA	NA	NA	NA	99
Oleria aquata	1	NA	NA	NA	NA	NA	NA	99
Oligoria maculata	1	NA	NA	NA	NA	NA	NA	99
Olyras crathis	1	NA	NA	NA	NA	NA	NA	99
Onophas columbaria	1	NA	NA	NA	NA	NA	NA	99
Opoptera aorsa	1	NA	NA	NA	NA	NA	NA	99
Opsiphanes tamarindi	4	94.704665	247.570140878788	37.2068518263954	1	-4.10853024039893	0.01	99
Orachrysops niobe	1	NA	NA	NA	NA	NA	NA	99
Oraidium barberae	2	247.46971	289.713433232323	123.551845731877	54	-0.341910903735081	0.54	99
Oreisplanus munionga	1	NA	NA	NA	NA	NA	NA	99
Oreixenica lathoniella	1	NA	NA	NA	NA	NA	NA	99
Oressinoma typhla	1	NA	NA	NA	NA	NA	NA	99
Oriens gola	1	NA	NA	NA	NA	NA	NA	99
Orinoma damaris	1	NA	NA	NA	NA	NA	NA	99
Orphe gerasa	1	NA	NA	NA	NA	NA	NA	99
Orses cynisca	1	NA	NA	NA	NA	NA	NA	99
Orsotriaena medus	2	187.64298	287.314349030303	117.096181261083	2	-0.851192310089693	0.02	99
Ortilia liriope	4	124.9708705	241.544207439394	38.0234801671297	1	-3.0658250225125	0.01	99
Osmodes laronia	1	NA	NA	NA	NA	NA	NA	99
Oxynetra stangelandi	1	NA	NA	NA	NA	NA	NA	99
Oxynthes corusca	1	NA	NA	NA	NA	NA	NA	99
Pachliopta aristolochiae	1	NA	NA	NA	NA	NA	NA	99
Pachliopta kotzebuea	1	NA	NA	NA	NA	NA	NA	99
Pachythone gigas	2	237.158238	270.271870919192	90.6686649684523	18	-0.365215843099859	0.18	99
Pachythone xanthe	0	NA	NA	NA	NA	NA	NA	99
Pagyris cymothoe	1	NA	NA	NA	NA	NA	NA	99
Palaeonympha opalina	1	NA	NA	NA	NA	NA	NA	99
Palla ussheri	3	240.594538666667	248.354707723906	37.8517002170265	32	-0.205015072314992	0.32	99
Panacea procilla	1	NA	NA	NA	NA	NA	NA	99
Pandita sinope	2	171.8273	281.926171808081	111.753420752961	2	-0.985194646090183	0.02	99
Panoquina lucas	1	NA	NA	NA	NA	NA	NA	99
Panoquina ocola	1	NA	NA	NA	NA	NA	NA	99
Panoquina panoquin	2	187.64298	287.314349030303	117.096181261083	2	-0.851192310089693	0.02	99
Panthiades hebraeus	2	225.40339	256.857838545455	59.9098434919037	10	-0.525029723199082	0.1	99
Pantoporia hordonia	1	NA	NA	NA	NA	NA	NA	99
Panyapedaliodes drymaea	1	NA	NA	NA	NA	NA	NA	99
Papias subcostulata	1	NA	NA	NA	NA	NA	NA	99
Papilio alexanor	1	NA	NA	NA	NA	NA	NA	99
Papilio ambrax	2	247.468522	271.408986131313	99.5288283792176	41	-0.240537988050024	0.41	99
Papilio clytia	1	NA	NA	NA	NA	NA	NA	99
Papilio deiphobus	1	NA	NA	NA	NA	NA	NA	99
Papilio elwesi	3	260.877023333333	250.769337518519	46.6894980561998	85	0.216487352308827	0.85	99
Papilio gigon	1	NA	NA	NA	NA	NA	NA	99
Papilio joanae	1	NA	NA	NA	NA	NA	NA	99
Papilio machaon	4	168.920318	235.729104292929	29.882765018312	2	-2.23569627014064	0.02	99
Papilio memnon	2	271.824464	252.840799838384	68.1358051615943	91	0.278615099896355	0.91	99
Papilio phestus	1	NA	NA	NA	NA	NA	NA	99
Papilio polytes	1	NA	NA	NA	NA	NA	NA	99
Papilio polyxenes	2	247.468182	254.692618535354	45.3500682836372	33	-0.159303763120467	0.33	99
Papilio protenor	1	NA	NA	NA	NA	NA	NA	99
Papilio slateri	1	NA	NA	NA	NA	NA	NA	99
Papilio xuthus	2	271.824694	270.765557151515	90.4456873220808	87	0.0117101973553833	0.87	99
Papilio zelicaon	2	247.468182	254.692618535354	45.3500682836372	33	-0.159303763120467	0.33	99
Paracarystus hypargyra	1	NA	NA	NA	NA	NA	NA	99
Parachoranthus magdalia	1	NA	NA	NA	NA	NA	NA	99
Paralethe dendrophilus	1	NA	NA	NA	NA	NA	NA	99
Paralucia pyrodiscus	1	NA	NA	NA	NA	NA	NA	99
Paramacera xicaque	1	NA	NA	NA	NA	NA	NA	99
Paramimus scurra	2	271.825185	259.147297989899	74.4849226991432	92	0.170207426559454	0.92	99
Parantica aglea	1	NA	NA	NA	NA	NA	NA	99
Parantica sita	1	NA	NA	NA	NA	NA	NA	99
Pararge aegeria	1	NA	NA	NA	NA	NA	NA	99
Parasarpa daraxa	1	NA	NA	NA	NA	NA	NA	99
Paratisiphone lyrnessa	1	NA	NA	NA	NA	NA	NA	99
Paratrytone snowi	1	NA	NA	NA	NA	NA	NA	99
Pardaleodes edipus	1	NA	NA	NA	NA	NA	NA	99
Pardaleodes incerta	1	NA	NA	NA	NA	NA	NA	99
Pardopsis punctatissima	2	188.72406	270.358239909091	80.5143721436195	2	-1.01390817236299	0.02	99
Parelbella ahira	2	271.824885	278.835194111111	96.2875915764355	82	-0.0728059451517815	0.82	99
Parelbella macleannani	1	NA	NA	NA	NA	NA	NA	99
Pareronia valeria	1	NA	NA	NA	NA	NA	NA	99
Pareuptychia hesionides	1	NA	NA	NA	NA	NA	NA	99
Pareuptychia ocirrhoe	2	187.64298	287.314349030303	117.096181261083	2	-0.851192310089693	0.02	99
Parides agavus	1	NA	NA	NA	NA	NA	NA	99
Parides eurimedes	1	NA	NA	NA	NA	NA	NA	99
Parides photinus	1	NA	NA	NA	NA	NA	NA	99
Parnara apostata	1	NA	NA	NA	NA	NA	NA	99
Parnara guttatus	2	187.64298	287.314349030303	117.096181261083	2	-0.851192310089693	0.02	99
Parnassius apollo	1	NA	NA	NA	NA	NA	NA	99
Parnassius imperator	1	NA	NA	NA	NA	NA	NA	99
Parnassius smintheus	1	NA	NA	NA	NA	NA	NA	99
Parosmodes morantii	3	207.904516	258.486685195286	58.1102212112997	9	-0.870452187944009	0.09	99
Parrhasius polibetes	3	214.000947	251.759104915825	38.6006648008638	5	-0.978173772669842	0.05	99
Parthenos sylvina	3	242.168694	250.348274444444	43.099900369613	43	-0.189781887528709	0.43	99
Paryphthimoides eous	1	NA	NA	NA	NA	NA	NA	99
Paryphthimoides poltys	1	NA	NA	NA	NA	NA	NA	99
Pasma tasmanicus	1	NA	NA	NA	NA	NA	NA	99
Passova gellias	1	NA	NA	NA	NA	NA	NA	99
Passova passova	1	NA	NA	NA	NA	NA	NA	99
Patricia dercyllidas	1	NA	NA	NA	NA	NA	NA	99
Patsuia sinensium	1	NA	NA	NA	NA	NA	NA	99
Pellicia arina	1	NA	NA	NA	NA	NA	NA	99
Pellicia dimidiata	1	NA	NA	NA	NA	NA	NA	99
Pelopidas mathias	2	187.64298	287.314349030303	117.096181261083	2	-0.851192310089693	0.02	99
Penthema adelma	1	NA	NA	NA	NA	NA	NA	99
Pentila pauli	0	NA	NA	NA	NA	NA	NA	99
Pentila tropicalis	0	NA	NA	NA	NA	NA	NA	99
Perichares lotus	1	NA	NA	NA	NA	NA	NA	99
Periplacis pretus	1	NA	NA	NA	NA	NA	NA	99
Perisama bomplandii	1	NA	NA	NA	NA	NA	NA	99
Perophthalma lasus	1	NA	NA	NA	NA	NA	NA	99
Perrhybris pamela	2	118.95147	269.574648222222	91.4170846229643	2	-1.64764801725459	0.02	99
Petrelaea dana	1	NA	NA	NA	NA	NA	NA	99
Phaedyma columella	4	229.884147	245.797602121212	37.6963312154901	28	-0.422148644393092	0.28	99
Phaeostrymon alcestis	1	NA	NA	NA	NA	NA	NA	99
Phalanta eurytis	2	224.042046	277.649425383838	96.8455846964511	6	-0.553534573123423	0.06	99
Phalanta phalantha	6	207.332987833333	240.124713607744	35.1395912152598	11	-0.933184611441083	0.11	99
Phanus vitreus	1	NA	NA	NA	NA	NA	NA	99
Phareas coeleste	1	NA	NA	NA	NA	NA	NA	99
Pharmacophagus antenor	2	271.824875	279.223014424242	105.332800020897	83	-0.0702358564737167	0.83	99
Pharneuptychia phares	1	NA	NA	NA	NA	NA	NA	99
Phasis pringlei	2	233.986103	269.739703070707	90.8902588851307	17	-0.393371088489178	0.17	99
Phengaris atroguttata	2	247.468153	273.220801161616	101.349462809676	19	-0.254097529949192	0.19	99
Phengaris nausithous	2	247.46954	269.100905525253	81.0490886248841	47	-0.266892150081639	0.47	99
Philaethria dido	1	NA	NA	NA	NA	NA	NA	99
Philotes sonorensis	1	NA	NA	NA	NA	NA	NA	99
Philotiella leona	1	NA	NA	NA	NA	NA	NA	99
Phlyaria cyara	1	NA	NA	NA	NA	NA	NA	99
Phocides pigmalion	1	NA	NA	NA	NA	NA	NA	99
Phocides polybius	1	NA	NA	NA	NA	NA	NA	99
Phoebis agarithe	1	NA	NA	NA	NA	NA	NA	99
Phoebis argante	1	NA	NA	NA	NA	NA	NA	99
Phoebis sennae	1	NA	NA	NA	NA	NA	NA	99
Pholisora catullus	1	NA	NA	NA	NA	NA	NA	99
Pholisora mejicanus	1	NA	NA	NA	NA	NA	NA	99
Phyciodes cocyta	1	NA	NA	NA	NA	NA	NA	99
Phyciodes tharos	1	NA	NA	NA	NA	NA	NA	99
Physcaeneura panda	1	NA	NA	NA	NA	NA	NA	99
Phystis simois	1	NA	NA	NA	NA	NA	NA	99
Pieriballia viardi	2	118.95147	269.574648222222	91.4170846229643	2	-1.64764801725459	0.02	99
Pieris brassicae	5	104.742732	236.41457469697	34.8071334423774	1	-3.78289820720084	0.01	99
Pieris napi	3	133.701663333333	243.666935902357	38.2741217191105	1	-2.87309721633971	0.01	99
Pieris rapae	5	104.742732	236.41457469697	34.8071334423774	1	-3.78289820720084	0.01	99
Pierphulia rosea	1	NA	NA	NA	NA	NA	NA	99
Pinacopteryx eriphia	1	NA	NA	NA	NA	NA	NA	99
Pirdana hyela	1	NA	NA	NA	NA	NA	NA	99
Piruna aea	1	NA	NA	NA	NA	NA	NA	99
Piruna pirus	1	NA	NA	NA	NA	NA	NA	99
Pithecops corvus	3	240.594335333333	248.660953942761	43.4108585939924	39	-0.185820296365756	0.39	99
Placidina euryanassa	1	NA	NA	NA	NA	NA	NA	99
Plastingia naga	1	NA	NA	NA	NA	NA	NA	99
Platylesches picanini	1	NA	NA	NA	NA	NA	NA	99
Plautella cossaea	2	231.571889	259.027085131313	60.2662668520389	7	-0.455564904969459	0.07	99
Plebejidea loewii	1	NA	NA	NA	NA	NA	NA	99
Plebejus anna	1	NA	NA	NA	NA	NA	NA	99
Plebejus argus	12	185.253990583333	220.451096694444	22.8166994676593	6	-1.54260287124349	0.06	99
Plebejus idas	2	247.46914	260.309666	72.4809327222272	42	-0.17715729527391	0.42	99
Plebejus melissa	1	NA	NA	NA	NA	NA	NA	99
Plebulina emigdionis	2	247.46895	273.46663820202	97.9507041291994	43	-0.265416042009546	0.43	99
Ploetzia amygdalis	1	NA	NA	NA	NA	NA	NA	99
Poanes zabulon	1	NA	NA	NA	NA	NA	NA	99
Poladryas arachne	1	NA	NA	NA	NA	NA	NA	99
Polites vibex	1	NA	NA	NA	NA	NA	NA	99
Polycaena tamerlana	1	NA	NA	NA	NA	NA	NA	99
Polyctor polyctor	1	NA	NA	NA	NA	NA	NA	99
Polygonia c-album	8	189.754926	235.457100944444	32.0690446534056	8	-1.42511806754403	0.08	99
Polygonia c-aureum	5	192.1053602	247.147113713131	40.3368918877793	4	-1.36455118223442	0.04	99
Polygonus leo	1	NA	NA	NA	NA	NA	NA	99
Polygonus savigny	1	NA	NA	NA	NA	NA	NA	99
Polyommatus icarus	1	NA	NA	NA	NA	NA	NA	99
Polythrix asine	1	NA	NA	NA	NA	NA	NA	99
Polythrix octomaculata	1	NA	NA	NA	NA	NA	NA	99
Polytremis lubricans	1	NA	NA	NA	NA	NA	NA	99
Polyura eudamippus	3	189.12561	257.926706912458	57.5776698037648	2	-1.19492673369632	0.02	99
Pompeius verna	1	NA	NA	NA	NA	NA	NA	99
Pontia beckerii	3	80.5200233333333	250.532288447811	44.5367589291702	1	-3.81734704550145	0.01	99
Pontia daplidice	2	118.9514	261.606661575758	73.2827233281178	1	-1.94664247038186	0.01	99
Poritia hewitsoni	2	232.75658	270.855493	75.0389078757273	7	-0.507722114814038	0.07	99
Posttaygetis penelea	1	NA	NA	NA	NA	NA	NA	99
Potanthus omaha	2	271.516412	263.685103424242	83.86973535879	69.5	0.0933746665856961	0.695	99
Praepedaliodes phanias	1	NA	NA	NA	NA	NA	NA	99
Praephilotes anthracias	2	247.46875	269.692190686869	91.4769353808255	32	-0.242940371737977	0.32	99
Praetaxila segecia	1	NA	NA	NA	NA	NA	NA	99
Pratapa deva	2	242.77043	279.857358909091	105.294278848596	26	-0.352221690624032	0.26	99
Prepona claudina	2	205.215447	279.110097232323	104.572140238229	4	-0.70663802102531	0.04	99
Prepona dexamenus	1	NA	NA	NA	NA	NA	NA	99
Prepona laertes	3	233.433984	249.663676292929	40.8336266344018	25	-0.397458997170141	0.25	99
Prioneris thestylis	1	NA	NA	NA	NA	NA	NA	99
Problema byssus	1	NA	NA	NA	NA	NA	NA	99
Proeidosa polysema	1	NA	NA	NA	NA	NA	NA	99
Prolibythea carinenta	2	247.4694	276.179688121212	106.860829117812	53	-0.268669898579578	0.53	99
Prosotas nora	7	230.425210714286	232.499631318903	31.1080028342368	58	-0.0666844675201883	0.58	99
Protantigius superans	3	236.87099	257.628200491583	51.5570934883415	25	-0.402606296964283	0.25	99
Proteides mercurius	1	NA	NA	NA	NA	NA	NA	99
Proterebia phegea	1	NA	NA	NA	NA	NA	NA	99
Protesilaus protesilaus	3	235.115030666667	244.443441309764	44.3269014190698	35	-0.210445809304516	0.35	99
Prothoe franckii	1	NA	NA	NA	NA	NA	NA	99
Protogoniomorpha anacardii	1	NA	NA	NA	NA	NA	NA	99
Protogoniomorpha parhassus	1	NA	NA	NA	NA	NA	NA	99
Protonymphidia senta	1	NA	NA	NA	NA	NA	NA	99
Pseudacraea rubrobasalis	1	NA	NA	NA	NA	NA	NA	99
Pseudaletis agrippina	0	NA	NA	NA	NA	NA	NA	99
Pseudalmenus chlorinda	1	NA	NA	NA	NA	NA	NA	99
Pseudargynnis hegemone	1	NA	NA	NA	NA	NA	NA	99
Pseudergolis avesta	1	NA	NA	NA	NA	NA	NA	99
Pseudochrysops bornoi	1	NA	NA	NA	NA	NA	NA	99
Pseudocoladenia dan	2	247.46895	273.46663820202	97.9507041291994	43	-0.265416042009546	0.43	99
Pseudocopaeodes eunus	1	NA	NA	NA	NA	NA	NA	99
Pseudodipsas eone	4	177.0180325	248.45258475	45.3429000721193	6	-1.57542971747244	0.06	99
Pseudolucia chilensis	1	NA	NA	NA	NA	NA	NA	99
Pseudolucia parana	1	NA	NA	NA	NA	NA	NA	99
Pseudolycaena marsyas	13	195.959181923077	219.790488244755	23.8865456919886	15	-0.997687427432054	0.15	99
Pseudonacaduba aethiops	1	NA	NA	NA	NA	NA	NA	99
Pseudonascus paulliniae	1	NA	NA	NA	NA	NA	NA	99
Pseudoneptis bugandensis	1	NA	NA	NA	NA	NA	NA	99
Pseudonympha trimenii	1	NA	NA	NA	NA	NA	NA	99
Pseudopieris nehemia	1	NA	NA	NA	NA	NA	NA	99
Pseudopontia paradoxa	2	242.769708	264.965325151515	83.9023921139171	24	-0.264540933724267	0.24	99
Pseudopontia zambezi	1	NA	NA	NA	NA	NA	NA	99
Pseudoscada timna	1	NA	NA	NA	NA	NA	NA	99
Pseudozizeeria maha	4	236.0588345	240.445121426768	32.9230475663336	43	-0.133228460030323	0.43	99
Psolos fuligo	2	196.41887	265.130168050505	71.1993196530063	3	-0.965055542459862	0.03	99
Psychonotis caelius	1	NA	NA	NA	NA	NA	NA	99
Ptelina carnuta	0	NA	NA	NA	NA	NA	NA	99
Pteronymia aletta	1	NA	NA	NA	NA	NA	NA	99
Pteroteinon laufella	2	271.516683	266.891607727273	82.2071636152489	71	0.0562612194525271	0.71	99
Pterourus glaucus	11	193.064048363636	221.680864861341	25.69298342912	14	-1.11379889286312	0.14	99
Pterourus troilus	4	246.2804675	241.02062180303	40.4292332113707	66	0.130100060752336	0.66	99
Ptychandra lorquinii	1	NA	NA	NA	NA	NA	NA	99
Pycina zamba	1	NA	NA	NA	NA	NA	NA	99
Pyrgus albescens	1	NA	NA	NA	NA	NA	NA	99
Pyrgus carthami	3	240.595239666667	250.501853060606	36.9106923121386	38	-0.268394136586852	0.38	99
Pyrgus malvae	1	NA	NA	NA	NA	NA	NA	99
Pyrgus scriptura	1	NA	NA	NA	NA	NA	NA	99
Pyrisitia lisa	1	NA	NA	NA	NA	NA	NA	99
Pyrisitia proterpia	1	NA	NA	NA	NA	NA	NA	99
Pyronia tithonus	2	187.64298	287.314349030303	117.096181261083	2	-0.851192310089693	0.02	99
Pyrrhiades lucagus	1	NA	NA	NA	NA	NA	NA	99
Pyrrhocalles antiqua	1	NA	NA	NA	NA	NA	NA	99
Pyrrhochalcia iphis	7	233.130772285714	233.514062215007	31.4352055564138	61	-0.012193014885972	0.61	99
Pyrrhogyra neaerea	1	NA	NA	NA	NA	NA	NA	99
Pyrrhogyra otolais	1	NA	NA	NA	NA	NA	NA	99
Pyrrhopyge crida	1	NA	NA	NA	NA	NA	NA	99
Pyrrhopyge phidias	3	234.223669333333	261.607816090909	65.0659332221938	21	-0.420867655337572	0.21	99
Pyrrhopygopsis socrates	1	NA	NA	NA	NA	NA	NA	99
Pythonides jovianus	1	NA	NA	NA	NA	NA	NA	99
Quadrus cerialis	2	264.78875	280.26725459596	103.926803466155	61	-0.148936598449315	0.61	99
Quedara monteithi	1	NA	NA	NA	NA	NA	NA	99
Quinta cannae	2	76.4774	263.979179212121	82.8728736953631	1	-2.2625229565632	0.01	99
Rachana jalindra	1	NA	NA	NA	NA	NA	NA	99
Ragadia luzonia	0	NA	NA	NA	NA	NA	NA	99
Ragadia makuta	0	NA	NA	NA	NA	NA	NA	99
Rapala varuna	8	197.348329	232.529066430556	30.4999967822684	10	-1.15346692269188	0.1	99
Rathinda amor	15	196.449014933333	220.108179422896	22.929855226156	14	-1.0318060997862	0.14	99
Ravenna niveus	1	NA	NA	NA	NA	NA	NA	99
Rekoa meton	1	NA	NA	NA	NA	NA	NA	99
Reliquia santamarta	1	NA	NA	NA	NA	NA	NA	99
Remelana jangala	10	196.7388562	226.238434550505	28.2259523931788	16	-1.0451225148964	0.16	99
Rhabdodryas trite	2	237.158162	267.62844949495	91.5939724451289	23	-0.332666950472132	0.23	99
Rhetus dysonii	1	NA	NA	NA	NA	NA	NA	99
Rhinopalpa polynice	1	NA	NA	NA	NA	NA	NA	99
Rhinthon cubana	2	76.4774	263.979179212121	82.8728736953631	1	-2.2625229565632	0.01	99
Rimisia miris	1	NA	NA	NA	NA	NA	NA	99
Rohana parisatis	1	NA	NA	NA	NA	NA	NA	99
Sabera caesina	1	NA	NA	NA	NA	NA	NA	99
Sahulana scintillata	2	237.158162	267.62844949495	91.5939724451289	23	-0.332666950472132	0.23	99
Saigusaozephyrus atabyrius	1	NA	NA	NA	NA	NA	NA	99
Sais rosalia	1	NA	NA	NA	NA	NA	NA	99
Salanoemia sala	1	NA	NA	NA	NA	NA	NA	99
Sarangesa dasahara	3	242.321753333333	247.606587939394	44.8994419094308	51	-0.117703792771432	0.51	99
Saribia perroti	1	NA	NA	NA	NA	NA	NA	99
Sarmientoia eriopis	1	NA	NA	NA	NA	NA	NA	99
Sarota myrtea	5	238.2723794	247.006314373737	40.2574282483344	52	-0.216952134146789	0.52	99
Sasakia charonda	1	NA	NA	NA	NA	NA	NA	99
Satarupa gopala	1	NA	NA	NA	NA	NA	NA	99
Satarupa nymphalis	1	NA	NA	NA	NA	NA	NA	99
Satyrium eximia	2	222.29698	283.807757292929	111.29138076497	8	-0.552700279843149	0.08	99
Satyrium pruni	2	197.92356	273.189577474747	98.7189146107124	4	-0.762427522340081	0.04	99
Satyrium tengstroemi	1	NA	NA	NA	NA	NA	NA	99
Satyrotaygetis satyrina	2	213.46856	273.218553979798	98.9559012023994	7	-0.603804252740707	0.07	99
Satyrus ferula	1	NA	NA	NA	NA	NA	NA	99
Scolitantides orion	1	NA	NA	NA	NA	NA	NA	99
Scolitantides vicrama	1	NA	NA	NA	NA	NA	NA	99
Selenophanes cassiope	1	NA	NA	NA	NA	NA	NA	99
Semalea pulvina	1	NA	NA	NA	NA	NA	NA	99
Semanga superba	7	226.276652142857	233.963286930736	33.7291403954273	49	-0.227892993944217	0.49	99
Sephisa chandra	1	NA	NA	NA	NA	NA	NA	99
Sericinus montela	1	NA	NA	NA	NA	NA	NA	99
Seseria dohertyi	1	NA	NA	NA	NA	NA	NA	99
Sevenia amulia	1	NA	NA	NA	NA	NA	NA	99
Shaanxiana takashimai	1	NA	NA	NA	NA	NA	NA	99
Shijimiaeoides divina	1	NA	NA	NA	NA	NA	NA	99
Shirozua jonasi	20	203.1456564	209.957667133838	16.8224603292179	39	-0.40493546131341	0.39	99
Shizuyaozephyrus kyokoae	1	NA	NA	NA	NA	NA	NA	99
Sibataniozephyrus fujisanus	1	NA	NA	NA	NA	NA	NA	99
Siderone galanthis	1	NA	NA	NA	NA	NA	NA	99
Signeta flammeata	1	NA	NA	NA	NA	NA	NA	99
Simiskina phalia	1	NA	NA	NA	NA	NA	NA	99
Siproeta epaphus	2	94.54217	270.741713888889	91.9514111864268	1	-1.9162244669813	0.01	99
Sithon nedymond	2	271.517163	255.893008878788	62.5371771201701	77	0.24983785390871	0.77	99
Sloperia proto	1	NA	NA	NA	NA	NA	NA	99
Smyrna blomfildia	1	NA	NA	NA	NA	NA	NA	99
Sophista latifasciata	2	271.825498	278.657568707071	105.810695505421	92	-0.0645688101229866	0.92	99
Spalgis epeus	0	NA	NA	NA	NA	NA	NA	99
Spalgis lemolea	0	NA	NA	NA	NA	NA	NA	99
Spathilepia clonius	1	NA	NA	NA	NA	NA	NA	99
Spialia colotes	1	NA	NA	NA	NA	NA	NA	99
Spialia orbifer	1	NA	NA	NA	NA	NA	NA	99
Spioniades artemides	1	NA	NA	NA	NA	NA	NA	99
Splendeuptychia doxes	1	NA	NA	NA	NA	NA	NA	99
Splendeuptychia libitina	1	NA	NA	NA	NA	NA	NA	99
Stallingsia maculosus	1	NA	NA	NA	NA	NA	NA	99
Staphylus ceos	1	NA	NA	NA	NA	NA	NA	99
Staphylus hayhurstii	1	NA	NA	NA	NA	NA	NA	99
Steroma bega	1	NA	NA	NA	NA	NA	NA	99
Stibochiona coresia	1	NA	NA	NA	NA	NA	NA	99
Stichelia bocchoris	1	NA	NA	NA	NA	NA	NA	99
Stichophthalma howqua	2	213.46789	270.415368393939	91.45992603503	6	-0.622649512882046	0.06	99
Stinga morrisoni	1	NA	NA	NA	NA	NA	NA	99
Strymon melinus	13	169.471238692308	222.079560490287	21.7838337529903	1	-2.41501667679401	0.01	99
Stugeta bowkeri	3	173.013374666667	250.007009659933	47.5746029926857	1	-1.61837682607889	0.01	99
Stygionympha vigilans	2	161.60275	279.319546181818	104.742187266366	2	-1.12387185387352	0.02	99
Suada swerga	1	NA	NA	NA	NA	NA	NA	99
Suastus gremius	1	NA	NA	NA	NA	NA	NA	99
Suniana sunias	1	NA	NA	NA	NA	NA	NA	99
Surendra quercetorum	1	NA	NA	NA	NA	NA	NA	99
Symbrenthia hippoclus	1	NA	NA	NA	NA	NA	NA	99
Symmachia rubina	4	233.85846075	246.961471063131	40.0928120349645	32	-0.326816944187011	0.32	99
Symphaedra nais	5	192.0625876	240.098113537374	35.6771789696217	5	-1.34639361420013	0.05	99
Synale cynaxa	1	NA	NA	NA	NA	NA	NA	99
Synapte silius	1	NA	NA	NA	NA	NA	NA	99
Synargis calyce	3	233.433913666667	246.388508195286	37.6245903370931	26	-0.344311909114607	0.26	99
Systasea zampa	1	NA	NA	NA	NA	NA	NA	99
Tagiades flesus	4	199.15610775	242.541658098485	34.2374298404028	5	-1.26719647329621	0.05	99
Tagiades gana	1	NA	NA	NA	NA	NA	NA	99
Tagiades japetus	2	271.51719	260.428929010101	73.9624429116634	76	0.149917452066074	0.76	99
Tagiades litigiosa	3	250.202057666667	251.680658626263	39.8794895549214	51	-0.0370767273126614	0.51	99
Tajuria cippus	1	NA	NA	NA	NA	NA	NA	99
Talbotia naganum	3	178.307139666667	256.003507956229	47.5797574520569	2	-1.63297108792226	0.02	99
Talicada nyseus	1	NA	NA	NA	NA	NA	NA	99
Talides sinois	1	NA	NA	NA	NA	NA	NA	99
Tanaecia lepidea	3	208.300698333333	248.278361585859	35.9854168190491	7	-1.11094067503931	0.07	99
Tapena thwaitesi	1	NA	NA	NA	NA	NA	NA	99
Taractrocera luzonensis	1	NA	NA	NA	NA	NA	NA	99
Taractrocera maevius	1	NA	NA	NA	NA	NA	NA	99
Taraka hamada	0	NA	NA	NA	NA	NA	NA	99
Tarsoctenus corytus	1	NA	NA	NA	NA	NA	NA	99
Tartesa astarte	1	NA	NA	NA	NA	NA	NA	99
Tarucus theophrastus	1	NA	NA	NA	NA	NA	NA	99
Tatochila autodice	5	186.4531192	234.725178094949	31.9879491949226	6	-1.50907013765708	0.06	99
Taxila haquinus	1	NA	NA	NA	NA	NA	NA	99
Taygetina kerea	1	NA	NA	NA	NA	NA	NA	99
Taygetis virgilia	1	NA	NA	NA	NA	NA	NA	99
Taygetis ypthima	1	NA	NA	NA	NA	NA	NA	99
Tegosa claudina	3	136.325630666667	248.938765006734	42.8375927503036	1	-2.62883899654397	0.01	99
Teinopalpus imperialis	3	271.619436	246.671046410774	39.9162311516072	93	0.625018667079771	0.93	99
Telemiades amphion	2	247.46912	275.507523686869	97.0343906473114	45	-0.288953261826307	0.45	99
Telicota augias	2	149.3768	284.128436121212	110.880830664362	1	-1.21528342918991	0.01	99
Tellervo assarica	1	NA	NA	NA	NA	NA	NA	99
Tellervo zoilus	3	180.912190666667	256.8121753367	51.0904641071783	2	-1.48559982760794	0.02	99
Temenis laothoe	2	237.158182	289.654206212121	116.39625144848	14	-0.451011295972512	0.14	99
Teniorhinus harona	1	NA	NA	NA	NA	NA	NA	99
Teniorhinus watsoni	1	NA	NA	NA	NA	NA	NA	99
Teracolus subfasciatus	1	NA	NA	NA	NA	NA	NA	99
Teratoneura isabellae	0	NA	NA	NA	NA	NA	NA	99
Teratozephyrus arisanus	1	NA	NA	NA	NA	NA	NA	99
Terenthina terentia	1	NA	NA	NA	NA	NA	NA	99
Terinos clarissa	3	208.305932	256.58994752862	48.0501425062854	5	-1.00486727010859	0.05	99
Terinos terpander	1	NA	NA	NA	NA	NA	NA	99
Teriocolias zelia	1	NA	NA	NA	NA	NA	NA	99
Teriomima subpunctata	0	NA	NA	NA	NA	NA	NA	99
Texola elada	2	213.48265	264.94526410101	82.957596632346	7	-0.620348421243249	0.07	99
Thaduka multicaudata	1	NA	NA	NA	NA	NA	NA	99
Thaleropis ionia	2	231.572266	289.175532010101	124.090431933158	11	-0.464203928640763	0.11	99
Thamala marciana	1	NA	NA	NA	NA	NA	NA	99
Thauria aliris	1	NA	NA	NA	NA	NA	NA	99
Theagenes dichrous	1	NA	NA	NA	NA	NA	NA	99
Thecla betulae	2	222.297016	261.973690737374	71.8341049168113	7	-0.552337566999993	0.07	99
Theclinesthes miskini	4	214.1175305	244.115512194444	37.5995127488257	18	-0.797829000998991	0.18	99
Theclopsis lydus	1	NA	NA	NA	NA	NA	NA	99
Theope publius	4	245.6087415	248.60501665404	39.5129275602913	58	-0.0758302494662918	0.58	99
Theope terambus	1	NA	NA	NA	NA	NA	NA	99
Theope virgilius	16	210.639938125	216.902103546086	21.9283740051873	42	-0.285573632573236	0.42	99
Thereus orasus	2	242.77003	278.991067464647	115.157487809225	30	-0.3145348005911	0.3	99
Theritas mavors	2	247.469633	258.295284969697	60.080260832986	58	-0.180186500850764	0.58	99
Theritas triquetra	4	236.94306225	243.915274348485	41.1687751700695	44	-0.169356801840288	0.44	99
Thespieus macareus	1	NA	NA	NA	NA	NA	NA	99
Thestor protumnus	0	NA	NA	NA	NA	NA	NA	99
Thisbe irenea	1	NA	NA	NA	NA	NA	NA	99
Thisbe lycorias	1	NA	NA	NA	NA	NA	NA	99
Thoressa varia	1	NA	NA	NA	NA	NA	NA	99
Thorybes bathyllus	1	NA	NA	NA	NA	NA	NA	99
Thorybes confusis	1	NA	NA	NA	NA	NA	NA	99
Thracides phidon	2	116.52108	275.961503151515	97.3322551442254	1	-1.63810468498093	0.01	99
Thymelicus lineola	2	187.64298	287.314349030303	117.096181261083	2	-0.851192310089693	0.02	99
Thymelicus sylvestris	1	NA	NA	NA	NA	NA	NA	99
Thyridia psidii	1	NA	NA	NA	NA	NA	NA	99
Tigridia acesta	2	237.157723	292.685228818182	122.302000459695	16	-0.454019604008693	0.16	99
Timelaea albescens	1	NA	NA	NA	NA	NA	NA	99
Tirumala limniace	2	247.46915	254.911161888889	61.4268351451638	47	-0.121152455133036	0.47	99
Tisiphone abeona	1	NA	NA	NA	NA	NA	NA	99
Tithorea tarricina	1	NA	NA	NA	NA	NA	NA	99
Tmolus echion	12	170.20652525	219.741532639731	24.0824103520812	3	-2.05689574529859	0.03	99
Tomares ballus	1	NA	NA	NA	NA	NA	NA	99
Tongeia filicaudis	1	NA	NA	NA	NA	NA	NA	99
Tongeia fischeri	1	NA	NA	NA	NA	NA	NA	99
Torynesis mintha	2	187.64298	287.314349030303	117.096181261083	2	-0.851192310089693	0.02	99
Toxidia parvulus	1	NA	NA	NA	NA	NA	NA	99
Toxidia peron	4	161.37189	248.791449108586	39.3131503343959	2	-2.22367219022131	0.02	99
Trapezites petalia	1	NA	NA	NA	NA	NA	NA	99
Trapezites symmomus	1	NA	NA	NA	NA	NA	NA	99
Triclema nigeriae	1	NA	NA	NA	NA	NA	NA	99
Triclema rufoplagata	1	NA	NA	NA	NA	NA	NA	99
Trimenia argyroplaga	0	NA	NA	NA	NA	NA	NA	99
Triskelionia tricerata	1	NA	NA	NA	NA	NA	NA	99
Trogonoptera brookiana	1	NA	NA	NA	NA	NA	NA	99
Troides rhadamantus	1	NA	NA	NA	NA	NA	NA	99
Troides richmondia	1	NA	NA	NA	NA	NA	NA	99
Tsitana tsita	1	NA	NA	NA	NA	NA	NA	99
Turanana endymion	2	239.74872	279.686178151515	95.9890693906876	12	-0.416062562175331	0.12	99
Tuxentius melaena	2	225.40335	271.904963272727	98.7381129185899	12	-0.470959104829845	0.12	99
Udara albocaeruleus	10	206.585422	224.606015239394	22.4819353967483	22	-0.801558803607288	0.22	99
Udara dilectus	1	NA	NA	NA	NA	NA	NA	99
Udaspes folus	3	154.09078	248.984456501684	42.6779011297212	2	-2.22348508220332	0.02	99
Udranomia kikkawai	1	NA	NA	NA	NA	NA	NA	99
Udranomia orcinus	1	NA	NA	NA	NA	NA	NA	99
Unkana ambasa	2	271.51699	277.847048616162	106.515782005261	75.5	-0.0594283635438074	0.755	99
Urbanus dorantes	1	NA	NA	NA	NA	NA	NA	99
Urbanus doryssus	1	NA	NA	NA	NA	NA	NA	99
Urbanus esmeraldus	2	247.46887	259.863527555556	73.6021170565142	43	-0.168400829367972	0.43	99
Urbanus procne	1	NA	NA	NA	NA	NA	NA	99
Urbanus proteus	2	271.51699	268.23515859596	90.520875250832	78	0.0362549676518981	0.78	99
Vagrans egista	2	247.468916	289.29675850505	116.066773556052	33	-0.36037740365765	0.33	99
Vanessa atalanta	2	146.93759	303.453307515152	137.868378865097	2	-1.13525464507203	0.02	99
Vanessa indica	5	163.2968626	248.977223375758	41.7902871039553	2	-2.05024580383053	0.02	99
Vanessa tameamea	1	NA	NA	NA	NA	NA	NA	99
Vanessula milca	1	NA	NA	NA	NA	NA	NA	99
Vansomerenia rogersi	1	NA	NA	NA	NA	NA	NA	99
Veladyris pardalis	1	NA	NA	NA	NA	NA	NA	99
Venada nevada	1	NA	NA	NA	NA	NA	NA	99
Vertica verticalis	1	NA	NA	NA	NA	NA	NA	99
Vettius lafrenaye	1	NA	NA	NA	NA	NA	NA	99
Vindula arsinoe	1	NA	NA	NA	NA	NA	NA	99
Wagimo signata	1	NA	NA	NA	NA	NA	NA	99
Wallengrenia otho	1	NA	NA	NA	NA	NA	NA	99
Wallengrenia premnas	1	NA	NA	NA	NA	NA	NA	99
Xanthodisca vibius	1	NA	NA	NA	NA	NA	NA	99
Xanthotaenia busiris	1	NA	NA	NA	NA	NA	NA	99
Xeniades orchamus	2	213.46856	269.680269636364	100.179847077726	8	-0.561107960094519	0.08	99
Xenophanes tryxus	1	NA	NA	NA	NA	NA	NA	99
Xois sesara	1	NA	NA	NA	NA	NA	NA	99
Yamamotozephyrus kwangtungensis	1	NA	NA	NA	NA	NA	NA	99
Yanguna cosyra	1	NA	NA	NA	NA	NA	NA	99
Yoma sabina	2	271.51641	256.404140020202	74.9952896143618	75	0.201509588902287	0.75	99
Ypthima argus	2	187.64298	287.314349030303	117.096181261083	2	-0.851192310089693	0.02	99
Ypthimomorpha itonia	1	NA	NA	NA	NA	NA	NA	99
Yramea cytheris	1	NA	NA	NA	NA	NA	NA	99
Zaretis callidryas	1	NA	NA	NA	NA	NA	NA	99
Zaretis isidora	2	231.572246	286.107905020202	117.240300796335	13	-0.465161370704252	0.13	99
Zegris eupheme	2	163.20219	260.416856515152	75.3623319773647	3	-1.28996361928331	0.03	99
Zela zeus	1	NA	NA	NA	NA	NA	NA	99
Zemeros flegyas	1	NA	NA	NA	NA	NA	NA	99
Zenonia zeno	1	NA	NA	NA	NA	NA	NA	99
Zerene cesonia	1	NA	NA	NA	NA	NA	NA	99
Zerynthia cerisyi	1	NA	NA	NA	NA	NA	NA	99
Zerynthia polyxena	1	NA	NA	NA	NA	NA	NA	99
Zesius chrysomallus	8	223.2145405	227.981327801768	33.0577305760451	52	-0.144195842204059	0.52	99
Zestusa dorus	1	NA	NA	NA	NA	NA	NA	99
Zethera pimplea	1	NA	NA	NA	NA	NA	NA	99
Ziegleria hesperitis	2	271.517633	282.457989535354	119.592689020595	83	-0.0914801450234923	0.83	99
Zinaspa youngi	1	NA	NA	NA	NA	NA	NA	99
Zintha hintza	2	271.825615	295.615617767677	128.306443557707	89	-0.185415495184987	0.89	99
Zizeeria karsandra	5	206.550088	241.687060733333	39.3320228539487	14	-0.893342629841521	0.14	99
Zizeeria knysna	8	204.065951125	232.326031733586	28.8700937371422	13	-0.978870413996213	0.13	99
Zizina otis	1	NA	NA	NA	NA	NA	NA	99
Zizula hylax	6	142.034178333333	233.73187316835	31.8177460389203	1	-2.88196702314645	0.01	99
Zographetus ogygia	2	271.51699	268.23515859596	90.520875250832	78	0.0362549676518981	0.78	99
Zophopetes cerymica	1	NA	NA	NA	NA	NA	NA	99
Zophopetes dysmephila	1	NA	NA	NA	NA	NA	NA	99
