ntaxa	mpd.obs	mpd.rand.mean	mpd.rand.sd	mpd.obs.rank	mpd.obs.z	mpd.obs.p	runs
Abaeis nicippe	1	NA	NA	NA	NA	NA	NA	99
Abananote abana	0	NA	NA	NA	NA	NA	NA	99
Abantis tettensis	1	NA	NA	NA	NA	NA	NA	99
Abisara bifasciata	1	NA	NA	NA	NA	NA	NA	99
Abisara burnii	1	NA	NA	NA	NA	NA	NA	99
Abisara geza	0	NA	NA	NA	NA	NA	NA	99
Abisara kausambi	0	NA	NA	NA	NA	NA	NA	99
Abraximorpha davidii	1	NA	NA	NA	NA	NA	NA	99
Abrota ganga	0	NA	NA	NA	NA	NA	NA	99
Acada biseriata	1	NA	NA	NA	NA	NA	NA	99
Achalarus casica	0	NA	NA	NA	NA	NA	NA	99
Achalarus lyciades	1	NA	NA	NA	NA	NA	NA	99
Achalarus toxeus	1	NA	NA	NA	NA	NA	NA	99
Achlyodes busirus	1	NA	NA	NA	NA	NA	NA	99
Achlyodes pallida	0	NA	NA	NA	NA	NA	NA	99
Acleros ploetzi	0	NA	NA	NA	NA	NA	NA	99
Acraea horta	2	188.72406	261.364770707071	72.8415356128853	3	-0.9972429891253	0.03	99
Acrodipsas myrmecophila	0	NA	NA	NA	NA	NA	NA	99
Acrophtalmia artemis	0	NA	NA	NA	NA	NA	NA	99
Acrophtalmia leuce	0	NA	NA	NA	NA	NA	NA	99
Acytolepis puspa	12	234.85079380303	270.172983345577	36.7084081753585	1	-0.962237026836202	0.01	99
Adelpha mesentina	0	NA	NA	NA	NA	NA	NA	99
Adopaeoides prittwitzi	0	NA	NA	NA	NA	NA	NA	99
Aemona amathusia	0	NA	NA	NA	NA	NA	NA	99
Aeria eurimedia	1	NA	NA	NA	NA	NA	NA	99
Aeromachus stigmata	0	NA	NA	NA	NA	NA	NA	99
Aeropetes tulbaghia	1	NA	NA	NA	NA	NA	NA	99
Aethiopana honorius	0	NA	NA	NA	NA	NA	NA	99
Afarsia morgiana	0	NA	NA	NA	NA	NA	NA	99
Afrodryas leda	2	133.2723	278.782822676768	114.623529654315	2	-1.2694646824749	0.02	99
Agatasa calydonia	0	NA	NA	NA	NA	NA	NA	99
Agathymus aryxna	1	NA	NA	NA	NA	NA	NA	99
Agathymus mariae	0	NA	NA	NA	NA	NA	NA	99
Aglais io	2	146.93759	281.91332330303	112.122119732488	2	-1.20382787647138	0.02	99
Aglais urticae	2	146.93759	281.91332330303	112.122119732488	2	-1.20382787647138	0.02	99
Agraulis vanillae	1	NA	NA	NA	NA	NA	NA	99
Agriades optilete	1	NA	NA	NA	NA	NA	NA	99
Aguna asander	1	NA	NA	NA	NA	NA	NA	99
Aguna claxon	0	NA	NA	NA	NA	NA	NA	99
Aguna metophis	0	NA	NA	NA	NA	NA	NA	99
Ahmetia achaja	0	NA	NA	NA	NA	NA	NA	99
Aides duma	0	NA	NA	NA	NA	NA	NA	99
Alaena amazoula	0	NA	NA	NA	NA	NA	NA	99
Alenia namaqua	0	NA	NA	NA	NA	NA	NA	99
Allora major	0	NA	NA	NA	NA	NA	NA	99
Allotinus fallax	0	NA	NA	NA	NA	NA	NA	99
Allotinus unicolor	0	NA	NA	NA	NA	NA	NA	99
Aloeides pierus	1	NA	NA	NA	NA	NA	NA	99
Alpherakya sarta	0	NA	NA	NA	NA	NA	NA	99
Altinote neleus	0	NA	NA	NA	NA	NA	NA	99
Altinote tenebrosa	0	NA	NA	NA	NA	NA	NA	99
Altopedaliodes tena	0	NA	NA	NA	NA	NA	NA	99
Amathusia phidippus	2	196.4188	267.896797373737	92.956633352693	6	-0.768939179440137	0.06	99
Amauris niavius	1	NA	NA	NA	NA	NA	NA	99
Amblopala avidiena	1	NA	NA	NA	NA	NA	NA	99
Amblypodia narada	0	NA	NA	NA	NA	NA	NA	99
Amblyscirtes eos	0	NA	NA	NA	NA	NA	NA	99
Amblyscirtes simius	1	NA	NA	NA	NA	NA	NA	99
Amnosia decora	0	NA	NA	NA	NA	NA	NA	99
Ampittia dioscorides	1	NA	NA	NA	NA	NA	NA	99
Ampittia virgata	0	NA	NA	NA	NA	NA	NA	99
Anaea troglodyta	1	NA	NA	NA	NA	NA	NA	99
Anartia jatrophae	6	150.7874598	279.228274558249	59.2635177078625	1	-2.16728300522749	0.01	99
Anastrus sempiternus	1	NA	NA	NA	NA	NA	NA	99
Anatrytone logan	1	NA	NA	NA	NA	NA	NA	99
Ancema ctesia	1	NA	NA	NA	NA	NA	NA	99
Ancistroides gemmifer	1	NA	NA	NA	NA	NA	NA	99
Ancyloxypha numitor	1	NA	NA	NA	NA	NA	NA	99
Andronymus neander	1	NA	NA	NA	NA	NA	NA	99
Anetia briarea	0	NA	NA	NA	NA	NA	NA	99
Anetia thirza	0	NA	NA	NA	NA	NA	NA	99
Anisynta cynone	1	NA	NA	NA	NA	NA	NA	99
Anisynta dominula	1	NA	NA	NA	NA	NA	NA	99
Anisynta tillyardi	1	NA	NA	NA	NA	NA	NA	99
Ankola fan	0	NA	NA	NA	NA	NA	NA	99
Antanartia delius	1	NA	NA	NA	NA	NA	NA	99
Anteos maerula	1	NA	NA	NA	NA	NA	NA	99
Anteros formosus	2	184.52815	277.455673060606	96.5255238119641	1	-0.962724877221416	0.01	99
Anthanassa texana	1	NA	NA	NA	NA	NA	NA	99
Anthene larydas	2	231.571925	263.757913505051	83.8779383787789	12	-0.383724124926675	0.12	99
Anthocharis belia	1	NA	NA	NA	NA	NA	NA	99
Anthocharis cardamines	1	NA	NA	NA	NA	NA	NA	99
Anthoptus epictetus	0	NA	NA	NA	NA	NA	NA	99
Antigius attilia	1	NA	NA	NA	NA	NA	NA	99
Antillea pelops	0	NA	NA	NA	NA	NA	NA	99
Antipodia atralba	1	NA	NA	NA	NA	NA	NA	99
Antipodia chaostola	1	NA	NA	NA	NA	NA	NA	99
Antirrhea philaretes	1	NA	NA	NA	NA	NA	NA	99
Apallaga opalinus	0	NA	NA	NA	NA	NA	NA	99
Apatura metis	1	NA	NA	NA	NA	NA	NA	99
Apaturina erminia	1	NA	NA	NA	NA	NA	NA	99
Apaturopsis cleochares	0	NA	NA	NA	NA	NA	NA	99
Aphantopus hyperantus	2	187.64298	267.673879858586	81.5112113976502	3	-0.981839166494009	0.03	99
Aphnaeus orcas	4	241.382902166667	272.415070321549	67.5608826470424	22	-0.459321532505773	0.22	99
Aphrissa boisduvalii	0	NA	NA	NA	NA	NA	NA	99
Aphrissa statira	1	NA	NA	NA	NA	NA	NA	99
Aphysoneura pigmentaria	1	NA	NA	NA	NA	NA	NA	99
Apodemia chisosensis	1	NA	NA	NA	NA	NA	NA	99
Apodemia duryi	0	NA	NA	NA	NA	NA	NA	99
Apodemia hepburni	0	NA	NA	NA	NA	NA	NA	99
Apodemia mormo	1	NA	NA	NA	NA	NA	NA	99
Apodemia murphyi	0	NA	NA	NA	NA	NA	NA	99
Apodemia palmerii	1	NA	NA	NA	NA	NA	NA	99
Aponarope sutor	0	NA	NA	NA	NA	NA	NA	99
Aporia agathon	1	NA	NA	NA	NA	NA	NA	99
Aporia crataegi	1	NA	NA	NA	NA	NA	NA	99
Apostictopterus fuliginosus	0	NA	NA	NA	NA	NA	NA	99
Appias lasti	3	224.200098666667	265.46710949495	52.4256263609763	2	-0.787153415090152	0.02	99
Appias libythea	3	84.4834466666667	260.168685265993	48.6745631891108	1	-3.60938500704676	0.01	99
Appias paulina	2	237.157932	267.286768575758	69.935385409909	15	-0.430809616607742	0.15	99
Apyrrothrix araxes	0	NA	NA	NA	NA	NA	NA	99
Araotes lapithis	0	NA	NA	NA	NA	NA	NA	99
Araragi enthea	2	195.75903	258.634033626263	73.385221341989	5	-0.856780186479962	0.05	99
Araschnia levana	1	NA	NA	NA	NA	NA	NA	99
Arawacus aetolus	0	NA	NA	NA	NA	NA	NA	99
Arcas imperialis	0	NA	NA	NA	NA	NA	NA	99
Archaeoprepona demophon	2	255.403303	263.434485090909	75.3556468096066	48	-0.106577044069447	0.48	99
Archaeoprepona meander	1	NA	NA	NA	NA	NA	NA	99
Archon apollinus	1	NA	NA	NA	NA	NA	NA	99
Archonias brassolis	0	NA	NA	NA	NA	NA	NA	99
Arethusana arethusa	1	NA	NA	NA	NA	NA	NA	99
Argon lota	0	NA	NA	NA	NA	NA	NA	99
Argynnina cyrila	1	NA	NA	NA	NA	NA	NA	99
Argynnis aglaja	2	247.468926	272.780180232323	98.5492697114509	44	-0.256838577357638	0.44	99
Argynnis anadyomene	1	NA	NA	NA	NA	NA	NA	99
Argynnis hyperbius	1	NA	NA	NA	NA	NA	NA	99
Argynnis laodice	1	NA	NA	NA	NA	NA	NA	99
Argynnis nerippe	1	NA	NA	NA	NA	NA	NA	99
Argynnis paphia	2	231.572306	271.394319444444	102.165830104942	15	-0.389778200828403	0.15	99
Argynnis sagana	1	NA	NA	NA	NA	NA	NA	99
Argyraspodes argyraspis	0	NA	NA	NA	NA	NA	NA	99
Argyrophorus argenteus	0	NA	NA	NA	NA	NA	NA	99
Arhopala bazalus	1	NA	NA	NA	NA	NA	NA	99
Arhopala muta	0	NA	NA	NA	NA	NA	NA	99
Arhopala thamyras	0	NA	NA	NA	NA	NA	NA	99
Ariadne ariadne	1	NA	NA	NA	NA	NA	NA	99
Aricia agestis	2	233.987083	262.599488666667	72.0105516262436	16	-0.397336293369528	0.16	99
Arita arita	0	NA	NA	NA	NA	NA	NA	99
Aroma aroma	0	NA	NA	NA	NA	NA	NA	99
Arotis derasa	0	NA	NA	NA	NA	NA	NA	99
Arrhenes dschilus	1	NA	NA	NA	NA	NA	NA	99
Arrhenes marnas	1	NA	NA	NA	NA	NA	NA	99
Arteurotia tractipennis	0	NA	NA	NA	NA	NA	NA	99
Artipe eryx	1	NA	NA	NA	NA	NA	NA	99
Artitropa comus	1	NA	NA	NA	NA	NA	NA	99
Artitropa erinnys	1	NA	NA	NA	NA	NA	NA	99
Artopoetes pryeri	1	NA	NA	NA	NA	NA	NA	99
Asbolis capucinus	1	NA	NA	NA	NA	NA	NA	99
Ascia monuste	5	130.607604	269.070029539394	50.9480673179339	1	-2.71771693861005	0.01	99
Aslauga marshalli	0	NA	NA	NA	NA	NA	NA	99
Aspitha aspitha	0	NA	NA	NA	NA	NA	NA	99
Asterocampa celtis	1	NA	NA	NA	NA	NA	NA	99
Asterope markii	0	NA	NA	NA	NA	NA	NA	99
Astictopterus jama	1	NA	NA	NA	NA	NA	NA	99
Astraptes alector	0	NA	NA	NA	NA	NA	NA	99
Astraptes anaphus	1	NA	NA	NA	NA	NA	NA	99
Astraptes enotrus	0	NA	NA	NA	NA	NA	NA	99
Astraptes talus	2	237.158172	284.299202565657	115.159658987447	22	-0.409353683226825	0.22	99
Atalopedes campestris	1	NA	NA	NA	NA	NA	NA	99
Atarnes sallei	0	NA	NA	NA	NA	NA	NA	99
Aterica rabena	0	NA	NA	NA	NA	NA	NA	99
Athyma perius	1	NA	NA	NA	NA	NA	NA	99
Atlantea perezi	0	NA	NA	NA	NA	NA	NA	99
Atlides halesus	1	NA	NA	NA	NA	NA	NA	99
Atrophaneura alcinous	1	NA	NA	NA	NA	NA	NA	99
Atrophaneura coon	0	NA	NA	NA	NA	NA	NA	99
Atrophaneura neptunus	0	NA	NA	NA	NA	NA	NA	99
Atrophaneura semperi	1	NA	NA	NA	NA	NA	NA	99
Atrytone arogos	1	NA	NA	NA	NA	NA	NA	99
Atrytonopsis hianna	1	NA	NA	NA	NA	NA	NA	99
Aubergina alda	0	NA	NA	NA	NA	NA	NA	99
Augiades crinisus	0	NA	NA	NA	NA	NA	NA	99
Autochton cellus	1	NA	NA	NA	NA	NA	NA	99
Axiocerses harpax	1	NA	NA	NA	NA	NA	NA	99
Azanus mirza	2	237.158162	272.67840549495	99.7738092199432	22	-0.356007691524015	0.22	99
Azanus natalensis	1	NA	NA	NA	NA	NA	NA	99
Azanus ubaldus	1	NA	NA	NA	NA	NA	NA	99
Badamia exclamationis	3	244.031905333333	277.853596801347	82.2957542504873	25	-0.410977355709857	0.25	99
Baliochila barnesi	0	NA	NA	NA	NA	NA	NA	99
Baoris farri	1	NA	NA	NA	NA	NA	NA	99
Baoris oceia	1	NA	NA	NA	NA	NA	NA	99
Baracus vittatus	1	NA	NA	NA	NA	NA	NA	99
Baronia brevicornis	0	NA	NA	NA	NA	NA	NA	99
Batesia hypochlora	0	NA	NA	NA	NA	NA	NA	99
Battus belus	0	NA	NA	NA	NA	NA	NA	99
Battus polydamas	1	NA	NA	NA	NA	NA	NA	99
Bebearia sophus	2	224.682142	267.923414494949	80.7642502694729	7	-0.535401150269747	0.07	99
Belenois calypso	1	NA	NA	NA	NA	NA	NA	99
Belenois creona	3	190.498088666667	263.810996397306	54.4973179460093	1	-1.34525717033031	0.01	99
Belenois java	1	NA	NA	NA	NA	NA	NA	99
Belenois subeida	1	NA	NA	NA	NA	NA	NA	99
Berberia abdelkader	1	NA	NA	NA	NA	NA	NA	99
Bhagadatta austenia	0	NA	NA	NA	NA	NA	NA	99
Bhutanitis mansfieldi	1	NA	NA	NA	NA	NA	NA	99
Bhutanitis thaidina	1	NA	NA	NA	NA	NA	NA	99
Bia actorion	0	NA	NA	NA	NA	NA	NA	99
Bibasis sena	2	237.157608	281.130149121212	104.266013410865	14	-0.421734174758714	0.14	99
Biblis hyperia	1	NA	NA	NA	NA	NA	NA	99
Bicyclus anynana	1	NA	NA	NA	NA	NA	NA	99
Bindahara phocides	1	NA	NA	NA	NA	NA	NA	99
Boloria pales	1	NA	NA	NA	NA	NA	NA	99
Borbo borbonica	1	NA	NA	NA	NA	NA	NA	99
Borbo cinnara	1	NA	NA	NA	NA	NA	NA	99
Brassolis sophorae	2	196.4188	267.896797373737	92.956633352693	6	-0.768939179440137	0.06	99
Brenthis daphne	2	231.572306	271.394319444444	102.165830104942	15	-0.389778200828403	0.15	99
Brenthis ino	2	231.572306	271.394319444444	102.165830104942	15	-0.389778200828403	0.15	99
Brephidium exilis	3	218.399866666667	273.687712531987	79.9653237927568	4	-0.691397761467301	0.04	99
Brevioleria arzalia	0	NA	NA	NA	NA	NA	NA	99
Brintesia circe	1	NA	NA	NA	NA	NA	NA	99
Bungalotis astylos	0	NA	NA	NA	NA	NA	NA	99
Bungalotis erythus	0	NA	NA	NA	NA	NA	NA	99
Burara harisa	2	271.51699	291.012106111111	123.723735128832	66	-0.157569734625381	0.66	99
Burara oedipodea	2	237.157608	281.130149121212	104.266013410865	14	-0.421734174758714	0.14	99
Burmaozephyrus kothayaungi	0	NA	NA	NA	NA	NA	NA	99
Butleria flavomaculatus	0	NA	NA	NA	NA	NA	NA	99
Byblia anvatara	1	NA	NA	NA	NA	NA	NA	99
Byblia ilithyia	1	NA	NA	NA	NA	NA	NA	99
Cabares potrillo	0	NA	NA	NA	NA	NA	NA	99
Cacyreus lingeus	2	247.46905	278.347127727273	106.538038728117	34	-0.289831482688291	0.34	99
Caenides dacela	1	NA	NA	NA	NA	NA	NA	99
Calephelis nemesis	2	263.36208	284.433487383838	111.014177867314	51	-0.189808255023276	0.51	99
Calephelis perditalis	1	NA	NA	NA	NA	NA	NA	99
Calephelis virginiensis	1	NA	NA	NA	NA	NA	NA	99
Caleta caleta	1	NA	NA	NA	NA	NA	NA	99
Caligo eurilochus	1	NA	NA	NA	NA	NA	NA	99
Calinaga buddha	1	NA	NA	NA	NA	NA	NA	99
Calleagris jamesoni	0	NA	NA	NA	NA	NA	NA	99
Callerebia annada	0	NA	NA	NA	NA	NA	NA	99
Callicore astarte	0	NA	NA	NA	NA	NA	NA	99
Callithomia lenea	1	NA	NA	NA	NA	NA	NA	99
Callophrys rubi	4	231.85641	272.667662734007	67.1224536837595	10	-0.608011931838558	0.1	99
Calpodes ethlius	2	76.4774	275.317104343434	99.0848990365013	1	-2.00676093205873	0.01	99
Caltoris cormasa	0	NA	NA	NA	NA	NA	NA	99
Calycopis cecrops	5	229.0363418	276.066730313131	63.2248400117913	6	-0.743859351868036	0.06	99
Calydna sturnula	0	NA	NA	NA	NA	NA	NA	99
Candalides xanthospilos	1	NA	NA	NA	NA	NA	NA	99
Caprona pillaana	1	NA	NA	NA	NA	NA	NA	99
Capronnieria galesus	0	NA	NA	NA	NA	NA	NA	99
Capys alpheus	1	NA	NA	NA	NA	NA	NA	99
Carcharodus alceae	1	NA	NA	NA	NA	NA	NA	99
Carcharodus lavatherae	0	NA	NA	NA	NA	NA	NA	99
Caria ino	1	NA	NA	NA	NA	NA	NA	99
Caria mantinea	0	NA	NA	NA	NA	NA	NA	99
Carrhenes canescens	0	NA	NA	NA	NA	NA	NA	99
Carterocephalus palaemon	1	NA	NA	NA	NA	NA	NA	99
Carystus phorcus	0	NA	NA	NA	NA	NA	NA	99
Cassionympha cassius	2	187.64228	260.370211767677	59.0303678546364	2	-1.23204266567965	0.02	99
Castalius rosimon	1	NA	NA	NA	NA	NA	NA	99
Catacroptera cloanthe	2	179.50233	279.879114	104.018160224498	1	-0.96499287992944	0.01	99
Catapaecilma elegans	1	NA	NA	NA	NA	NA	NA	99
Catapaecilma major	1	NA	NA	NA	NA	NA	NA	99
Catasticta nimbice	0	NA	NA	NA	NA	NA	NA	99
Catochrysops strabo	2	237.158162	272.67840549495	99.7738092199432	22	-0.356007691524015	0.22	99
Catonephele numilia	1	NA	NA	NA	NA	NA	NA	99
Catopsilia scylla	1	NA	NA	NA	NA	NA	NA	99
Catopyrops ancyra	3	229.515443333333	280.315497508418	83.9100430508876	10	-0.605410893953139	0.1	99
Celaenorrhinus aurivittata	0	NA	NA	NA	NA	NA	NA	99
Celaenorrhinus leucocera	1	NA	NA	NA	NA	NA	NA	99
Celaenorrhinus patula	0	NA	NA	NA	NA	NA	NA	99
Celastrina argiolus	6	235.174296666667	268.623542313805	50.2359308186038	6	-0.665843055002195	0.06	99
Celotes nessus	1	NA	NA	NA	NA	NA	NA	99
Cephrenes augiades	1	NA	NA	NA	NA	NA	NA	99
Cepora nerissa	1	NA	NA	NA	NA	NA	NA	99
Ceratinia neso	0	NA	NA	NA	NA	NA	NA	99
Ceratrichia phocion	0	NA	NA	NA	NA	NA	NA	99
Cerautola ceraunia	0	NA	NA	NA	NA	NA	NA	99
Cercyonis oetus	1	NA	NA	NA	NA	NA	NA	99
Cercyonis pegala	1	NA	NA	NA	NA	NA	NA	99
Cethosia biblis	1	NA	NA	NA	NA	NA	NA	99
Cethosia cydippe	1	NA	NA	NA	NA	NA	NA	99
Chaetocneme critomedia	3	266.351302666667	266.534648154882	64.5289872823834	86	-0.0028412887903098	0.86	99
Chaetoprocta odata	1	NA	NA	NA	NA	NA	NA	99
Chalinga elwesi	1	NA	NA	NA	NA	NA	NA	99
Chalodeta lypera	1	NA	NA	NA	NA	NA	NA	99
Chalybs janias	0	NA	NA	NA	NA	NA	NA	99
Charana mandarinus	0	NA	NA	NA	NA	NA	NA	99
Charaxes bernardus	3	260.269064666667	275.156930424242	78.4515173264603	66	-0.189771546363123	0.66	99
Charaxes brutus	4	214.467695	276.706680010101	73.3592120922587	5	-0.848414033289063	0.05	99
Charaxes contrarius	1	NA	NA	NA	NA	NA	NA	99
Charaxes jasius	7	246.909314190476	269.472802219336	45.7197627070236	28	-0.493517172725697	0.28	99
Charaxes varanes	2	159.835339	285.700638737374	111.138251363192	2	-1.13251106791355	0.02	99
Charaxes zoolina	1	NA	NA	NA	NA	NA	NA	99
Charis anius	1	NA	NA	NA	NA	NA	NA	99
Chazara briseis	1	NA	NA	NA	NA	NA	NA	99
Cheritra freja	3	260.269678	272.673630680135	74.8636120432166	61	-0.165687339170521	0.61	99
Chersonesia rahria	1	NA	NA	NA	NA	NA	NA	99
Chilades lajus	2	237.157242	278.227856585859	104.618671119029	17	-0.392574424302626	0.17	99
Chillanella stelligera	0	NA	NA	NA	NA	NA	NA	99
Chioides albofasciatus	1	NA	NA	NA	NA	NA	NA	99
Chioides catillus	1	NA	NA	NA	NA	NA	NA	99
Chiomara asychis	1	NA	NA	NA	NA	NA	NA	99
Chiomara georgina	1	NA	NA	NA	NA	NA	NA	99
Chiomara mithrax	0	NA	NA	NA	NA	NA	NA	99
Chitoria chrysolora	1	NA	NA	NA	NA	NA	NA	99
Chloreuptychia arnaca	1	NA	NA	NA	NA	NA	NA	99
Chloroselas esmeralda	0	NA	NA	NA	NA	NA	NA	99
Chloroselas pseudozeritis	1	NA	NA	NA	NA	NA	NA	99
Chlorostrymon simaethis	2	247.469212	268.572706090909	96.4869553318002	32	-0.218718623863072	0.32	99
Chlosyne janais	1	NA	NA	NA	NA	NA	NA	99
Choaspes benjaminii	1	NA	NA	NA	NA	NA	NA	99
Chondrolepis niveicornis	1	NA	NA	NA	NA	NA	NA	99
Choranthus haitensis	0	NA	NA	NA	NA	NA	NA	99
Choranthus radians	0	NA	NA	NA	NA	NA	NA	99
Chorinea licursis	0	NA	NA	NA	NA	NA	NA	99
Chrysoplectrum perniciosus	0	NA	NA	NA	NA	NA	NA	99
Chrysoplectrum pervivax	0	NA	NA	NA	NA	NA	NA	99
Chrysoritis oreas	0	NA	NA	NA	NA	NA	NA	99
Chrysozephyrus ataxus	1	NA	NA	NA	NA	NA	NA	99
Chrysozephyrus smaragdina	2	222.29702	256.84510059596	61.5203619132287	11.5	-0.561571478475499	0.115	99
Cigaritis takanonis	0	NA	NA	NA	NA	NA	NA	99
Cigaritis zohra	0	NA	NA	NA	NA	NA	NA	99
Cirrochroa aoris	1	NA	NA	NA	NA	NA	NA	99
Cirrochroa orissa	0	NA	NA	NA	NA	NA	NA	99
Cissia confusa	3	207.785106666667	266.198755474747	63.4256895759875	1	-0.920977748899333	0.01	99
Cissia labe	1	NA	NA	NA	NA	NA	NA	99
Cissia myncea	0	NA	NA	NA	NA	NA	NA	99
Cissia palladia	1	NA	NA	NA	NA	NA	NA	99
Cissia penelope	1	NA	NA	NA	NA	NA	NA	99
Citrinophila erastus	0	NA	NA	NA	NA	NA	NA	99
Cobalus calvina	0	NA	NA	NA	NA	NA	NA	99
Codatractus alcaeus	1	NA	NA	NA	NA	NA	NA	99
Codatractus arizonensis	0	NA	NA	NA	NA	NA	NA	99
Codatractus valeriana	0	NA	NA	NA	NA	NA	NA	99
Coeliades forestan	5	240.2837138	274.147696549495	61.2742602188349	23	-0.552662449592261	0.23	99
Coeliades ramanatek	0	NA	NA	NA	NA	NA	NA	99
Coelites nothis	0	NA	NA	NA	NA	NA	NA	99
Coenonympha pamphilus	1	NA	NA	NA	NA	NA	NA	99
Coenyra hebe	0	NA	NA	NA	NA	NA	NA	99
Cogia calchas	1	NA	NA	NA	NA	NA	NA	99
Cogia hippalus	0	NA	NA	NA	NA	NA	NA	99
Colias croceus	1	NA	NA	NA	NA	NA	NA	99
Colias hyale	1	NA	NA	NA	NA	NA	NA	99
Colobura dirce	2	225.40276	293.976702757576	121.53117451715	6	-0.564249815160789	0.06	99
Colotis amata	1	NA	NA	NA	NA	NA	NA	99
Colotis evagore	1	NA	NA	NA	NA	NA	NA	99
Conga chydaea	0	NA	NA	NA	NA	NA	NA	99
Consul fabius	1	NA	NA	NA	NA	NA	NA	99
Copaeodes aurantiaca	1	NA	NA	NA	NA	NA	NA	99
Corades medeba	0	NA	NA	NA	NA	NA	NA	99
Coreana raphaelis	1	NA	NA	NA	NA	NA	NA	99
Coreana stygiana	1	NA	NA	NA	NA	NA	NA	99
Corticea corticea	0	NA	NA	NA	NA	NA	NA	99
Creon cleobis	1	NA	NA	NA	NA	NA	NA	99
Creonpyge creon	0	NA	NA	NA	NA	NA	NA	99
Cressida cressida	1	NA	NA	NA	NA	NA	NA	99
Croitana croites	1	NA	NA	NA	NA	NA	NA	99
Croniades pieria	0	NA	NA	NA	NA	NA	NA	99
Crudaria leroma	1	NA	NA	NA	NA	NA	NA	99
Cunizza hirlanda	0	NA	NA	NA	NA	NA	NA	99
Cupha erymanthis	4	218.621495	260.495187400673	54.5561780201189	4	-0.767533465874964	0.04	99
Cupido comyntas	1	NA	NA	NA	NA	NA	NA	99
Cupido moorei	2	116.19759	279.194115878788	114.35417665614	1	-1.42536574216187	0.01	99
Cupidopsis cissus	1	NA	NA	NA	NA	NA	NA	99
Cupidopsis jobates	1	NA	NA	NA	NA	NA	NA	99
Cupitha purreea	2	247.468463	278.245068575758	113.703520579357	37	-0.270674165750898	0.37	99
Curetis bulis	1	NA	NA	NA	NA	NA	NA	99
Curetis saronis	1	NA	NA	NA	NA	NA	NA	99
Curetis tagalica	0	NA	NA	NA	NA	NA	NA	99
Cyaniris semiargus	1	NA	NA	NA	NA	NA	NA	99
Cybdelis phaesyla	0	NA	NA	NA	NA	NA	NA	99
Cyclargus ammon	2	237.158162	272.67840549495	99.7738092199432	22	-0.356007691524015	0.22	99
Cyclargus thomasi	0	NA	NA	NA	NA	NA	NA	99
Cycloglypha thrasibulus	0	NA	NA	NA	NA	NA	NA	99
Cyclyrius webbianus	1	NA	NA	NA	NA	NA	NA	99
Cyllopsis pyracmon	0	NA	NA	NA	NA	NA	NA	99
Cymothoe lurida	1	NA	NA	NA	NA	NA	NA	99
Cynandra opis	0	NA	NA	NA	NA	NA	NA	99
Cynea cynea	0	NA	NA	NA	NA	NA	NA	99
Cyrestis acilia	1	NA	NA	NA	NA	NA	NA	99
Cyrestis nivea	1	NA	NA	NA	NA	NA	NA	99
Dachetola azora	0	NA	NA	NA	NA	NA	NA	99
Daedalma dinias	0	NA	NA	NA	NA	NA	NA	99
Daimio tethys	2	271.516896	260.342806525253	71.7561009947267	83	0.155723197328805	0.83	99
Danaus chrysippus	1	NA	NA	NA	NA	NA	NA	99
Danaus eresimus	2	120.09499	265.773853787879	81.7953780474733	1	-1.78101583812386	0.01	99
Danaus erippus	1	NA	NA	NA	NA	NA	NA	99
Danaus gilippus	1	NA	NA	NA	NA	NA	NA	99
Danaus melanippus	2	213.48328	267.03945689899	81.5026279749972	7	-0.657109816329106	0.07	99
Danaus plexippus	1	NA	NA	NA	NA	NA	NA	99
Danis danis	2	231.572359	272.493439515152	98.8337612915193	17	-0.414039493998928	0.17	99
Dapidodigma demeter	1	NA	NA	NA	NA	NA	NA	99
Darpa pteria	0	NA	NA	NA	NA	NA	NA	99
Dasyophthalma rusina	1	NA	NA	NA	NA	NA	NA	99
Davidina armandi	0	NA	NA	NA	NA	NA	NA	99
Decinea decinea	0	NA	NA	NA	NA	NA	NA	99
Delias descombesi	1	NA	NA	NA	NA	NA	NA	99
Delias henningia	1	NA	NA	NA	NA	NA	NA	99
Delias pasithoe	2	162.945508	278.31836530303	115.191219776047	4	-1.00157683482592	0.04	99
Deloneura ochrascens	0	NA	NA	NA	NA	NA	NA	99
Dercas verhuelli	1	NA	NA	NA	NA	NA	NA	99
Detritivora gynaea	0	NA	NA	NA	NA	NA	NA	99
Deudorix antalus	6	227.018093066667	279.481901531313	59.7802988051338	2	-0.877610341755954	0.02	99
Deudorix epijarbas	4	235.493714333333	272.003531510101	65.4279446431785	9	-0.558015651811771	0.09	99
Diaethria anna	0	NA	NA	NA	NA	NA	NA	99
Diaethria clymena	2	237.158333	265.414109656566	81.6479512743454	23	-0.346068409746417	0.23	99
Dianesia carteri	0	NA	NA	NA	NA	NA	NA	99
Dichorragia nesimachus	1	NA	NA	NA	NA	NA	NA	99
Dilipa morgiana	0	NA	NA	NA	NA	NA	NA	99
Dingana dingana	1	NA	NA	NA	NA	NA	NA	99
Dione juno	1	NA	NA	NA	NA	NA	NA	99
Dira clytus	1	NA	NA	NA	NA	NA	NA	99
Dircenna jemina	0	NA	NA	NA	NA	NA	NA	99
Discolampa ethion	1	NA	NA	NA	NA	NA	NA	99
Discophora celinde	0	NA	NA	NA	NA	NA	NA	99
Dismorphia theucharila	1	NA	NA	NA	NA	NA	NA	99
Dispar compacta	2	229.20162	259.673331919192	73.2205988155682	17	-0.416163107269112	0.17	99
Dixeia charina	1	NA	NA	NA	NA	NA	NA	99
Dixeia doxo	1	NA	NA	NA	NA	NA	NA	99
Dodona deodata	1	NA	NA	NA	NA	NA	NA	99
Doleschallia bisaltide	3	210.653786666667	285.669882828283	87.6106042173872	2	-0.856244478984297	0.02	99
Doleschallia polibete	1	NA	NA	NA	NA	NA	NA	99
Doxocopa agathina	0	NA	NA	NA	NA	NA	NA	99
Drephalys kidonoi	0	NA	NA	NA	NA	NA	NA	99
Drupadia ravindra	2	237.158162	272.67840549495	99.7738092199432	22	-0.356007691524015	0.22	99
Dryadula phaetusa	1	NA	NA	NA	NA	NA	NA	99
Dryas iulia	1	NA	NA	NA	NA	NA	NA	99
Dubiella dubius	0	NA	NA	NA	NA	NA	NA	99
Dulcedo polita	1	NA	NA	NA	NA	NA	NA	99
Durbania amakosa	0	NA	NA	NA	NA	NA	NA	99
Durbaniella clarki	0	NA	NA	NA	NA	NA	NA	99
Durbaniopsis saga	0	NA	NA	NA	NA	NA	NA	99
Dymasia dymas	1	NA	NA	NA	NA	NA	NA	99
Dynamine postverta	1	NA	NA	NA	NA	NA	NA	99
Dynastor darius	1	NA	NA	NA	NA	NA	NA	99
Dyscophellus porcius	0	NA	NA	NA	NA	NA	NA	99
Eagris sabadius	3	192.289519333333	279.671609811448	85.5763843981158	1	-1.0211005184748	0.01	99
Eantis mithridates	1	NA	NA	NA	NA	NA	NA	99
Eantis thraso	0	NA	NA	NA	NA	NA	NA	99
Ebusus ebusus	0	NA	NA	NA	NA	NA	NA	99
Echinargus isola	1	NA	NA	NA	NA	NA	NA	99
Eetion elia	0	NA	NA	NA	NA	NA	NA	99
Elbella iphinous	0	NA	NA	NA	NA	NA	NA	99
Elbella patrobas	0	NA	NA	NA	NA	NA	NA	99
Elbella scylla	1	NA	NA	NA	NA	NA	NA	99
Elina montrolii	0	NA	NA	NA	NA	NA	NA	99
Elodina padusa	1	NA	NA	NA	NA	NA	NA	99
Elymnias hypermnestra	1	NA	NA	NA	NA	NA	NA	99
Elymnias nesaea	1	NA	NA	NA	NA	NA	NA	99
Elymniopsis bammakoo	0	NA	NA	NA	NA	NA	NA	99
Elzunia pavonii	0	NA	NA	NA	NA	NA	NA	99
Emesis ares	0	NA	NA	NA	NA	NA	NA	99
Emesis brimo	0	NA	NA	NA	NA	NA	NA	99
Emesis cypria	1	NA	NA	NA	NA	NA	NA	99
Emesis emesia	1	NA	NA	NA	NA	NA	NA	99
Emesis lacrines	1	NA	NA	NA	NA	NA	NA	99
Emesis lucinda	0	NA	NA	NA	NA	NA	NA	99
Emesis mandana	4	231.452949833333	278.188577210438	69.2349879264815	5	-0.675029039172095	0.05	99
Emesis ocypore	0	NA	NA	NA	NA	NA	NA	99
Emesis tegula	0	NA	NA	NA	NA	NA	NA	99
Emesis tenedia	1	NA	NA	NA	NA	NA	NA	99
Emesis zela	0	NA	NA	NA	NA	NA	NA	99
Eogenes alcides	0	NA	NA	NA	NA	NA	NA	99
Eooxylides tharis	1	NA	NA	NA	NA	NA	NA	99
Epargyreus clarus	1	NA	NA	NA	NA	NA	NA	99
Epargyreus spanna	0	NA	NA	NA	NA	NA	NA	99
Ephyriades arcas	3	244.032258666667	270.765511616162	75.5896737228828	39	-0.353662764142904	0.39	99
Ephyriades brunnea	1	NA	NA	NA	NA	NA	NA	99
Epiphile orea	1	NA	NA	NA	NA	NA	NA	99
Episcada salvinia	0	NA	NA	NA	NA	NA	NA	99
Epitola urania	0	NA	NA	NA	NA	NA	NA	99
Epityches eupompe	1	NA	NA	NA	NA	NA	NA	99
Eracon paulinus	0	NA	NA	NA	NA	NA	NA	99
Erebia epiphron	1	NA	NA	NA	NA	NA	NA	99
Erebia ligea	2	187.64298	267.673879858586	81.5112113976502	3	-0.981839166494009	0.03	99
Eretris porphyria	0	NA	NA	NA	NA	NA	NA	99
Erikssonia acraeina	0	NA	NA	NA	NA	NA	NA	99
Erionota acroleucus	1	NA	NA	NA	NA	NA	NA	99
Erionota thrax	4	191.627285	268.434323003367	62.8202221317343	3	-1.22264830331708	0.03	99
Eroessa chiliensis	0	NA	NA	NA	NA	NA	NA	99
Eronia cleodora	2	133.2723	278.782822676768	114.623529654315	2	-1.2694646824749	0.02	99
Erora quaderna	1	NA	NA	NA	NA	NA	NA	99
Erynnis brizo	1	NA	NA	NA	NA	NA	NA	99
Erynnis horatius	2	225.40301	266.559301242424	81.9633809231898	15	-0.50213022912016	0.15	99
Erynnis tages	2	247.46876	292.316027767677	129.015912580602	33	-0.347610359610941	0.33	99
Eryphanis automedon	0	NA	NA	NA	NA	NA	NA	99
Erysichton lineata	3	256.256328	270.780259703704	79.6697062278285	56	-0.182301810705442	0.56	99
Eteona tisiphone	0	NA	NA	NA	NA	NA	NA	99
Etesiolaus catori	1	NA	NA	NA	NA	NA	NA	99
Euapatura mirza	0	NA	NA	NA	NA	NA	NA	99
Euaspa milionia	0	NA	NA	NA	NA	NA	NA	99
Eucheira socialis	0	NA	NA	NA	NA	NA	NA	99
Euchloe ausonia	1	NA	NA	NA	NA	NA	NA	99
Euchloe ausonides	1	NA	NA	NA	NA	NA	NA	99
Euchrysops cnejus	1	NA	NA	NA	NA	NA	NA	99
Eueides isabella	1	NA	NA	NA	NA	NA	NA	99
Euliphyra hewitsoni	0	NA	NA	NA	NA	NA	NA	99
Eumaeus atala	1	NA	NA	NA	NA	NA	NA	99
Eumaeus minyas	0	NA	NA	NA	NA	NA	NA	99
Eumedonia eumedon	1	NA	NA	NA	NA	NA	NA	99
Eunica monima	2	159.835819	272.927160919192	89.3156910355739	1	-1.26619791671486	0.01	99
Euphaedra neophron	1	NA	NA	NA	NA	NA	NA	99
Euphilotes enoptes	1	NA	NA	NA	NA	NA	NA	99
Euphydryas editha	2	105.86464	272.397770808081	100.047452188215	1	-1.66454144674059	0.01	99
Euphyes arpa	1	NA	NA	NA	NA	NA	NA	99
Euphyes dion	1	NA	NA	NA	NA	NA	NA	99
Euploea phaenareta	1	NA	NA	NA	NA	NA	NA	99
Euploea radamanthus	0	NA	NA	NA	NA	NA	NA	99
Euptoieta claudia	8	244.666529964286	277.560357246032	47.2358524810749	12	-0.696374163987513	0.12	99
Euptychoides eugenia	0	NA	NA	NA	NA	NA	NA	99
Eurema mandarina	2	225.40335	271.489133575758	99.5147743337665	17	-0.463104939787018	0.17	99
Eurema mexicana	1	NA	NA	NA	NA	NA	NA	99
Euriphellus euribates	0	NA	NA	NA	NA	NA	NA	99
Euriphene amicia	0	NA	NA	NA	NA	NA	NA	99
Euripus nyctelius	1	NA	NA	NA	NA	NA	NA	99
Euryades corethrus	1	NA	NA	NA	NA	NA	NA	99
Eurybia lycisca	1	NA	NA	NA	NA	NA	NA	99
Eurytela dryope	2	237.158311	258.736695232323	70.4157000426788	21	-0.30644279925137	0.21	99
Eurytides dioxippus	0	NA	NA	NA	NA	NA	NA	99
Eurytides dolicaon	0	NA	NA	NA	NA	NA	NA	99
Eurytides marcellus	1	NA	NA	NA	NA	NA	NA	99
Eurytides philolaus	1	NA	NA	NA	NA	NA	NA	99
Euschemon rafflesia	1	NA	NA	NA	NA	NA	NA	99
Euselasia chrysippe	1	NA	NA	NA	NA	NA	NA	99
Euthalia evelina	4	241.382026666667	274.159264116162	64.3140540957033	15	-0.509643466118936	0.15	99
Euthalia lubentina	1	NA	NA	NA	NA	NA	NA	99
Euthaliopsis aetion	0	NA	NA	NA	NA	NA	NA	99
Eutresis hypereia	0	NA	NA	NA	NA	NA	NA	99
Euxanthe eurinome	1	NA	NA	NA	NA	NA	NA	99
Evena crithea	2	247.469192	261.053650969697	73.6324520515609	46	-0.184490107163408	0.46	99
Evenus regalis	1	NA	NA	NA	NA	NA	NA	99
Exometoeca nycteris	0	NA	NA	NA	NA	NA	NA	99
Exoplisia cadmeis	0	NA	NA	NA	NA	NA	NA	99
Falga jeconia	0	NA	NA	NA	NA	NA	NA	99
Faunis eumeus	3	237.614366666667	275.006648606061	77.4183207484261	17	-0.482990093015601	0.17	99
Feniseca tarquinius	0	NA	NA	NA	NA	NA	NA	99
Flos apidanus	2	186.63897	267.505416353535	92.2057378874553	3	-0.877021844912076	0.03	99
Forsterinaria pronophila	0	NA	NA	NA	NA	NA	NA	99
Fountainea nessus	1	NA	NA	NA	NA	NA	NA	99
Fresna netopha	0	NA	NA	NA	NA	NA	NA	99
Fresna nyassae	1	NA	NA	NA	NA	NA	NA	99
Freyeria trochylus	2	247.46886	278.351202171717	105.495009024417	27	-0.292737471253918	0.27	99
Gamia buchholzi	2	229.20117	275.523404141414	97.5629152693491	11	-0.474793460338172	0.11	99
Gamia shelleyi	2	229.20117	275.523404141414	97.5629152693491	11	-0.474793460338172	0.11	99
Gandaca harina	1	NA	NA	NA	NA	NA	NA	99
Gangara thyrsis	2	196.4188	267.896797373737	92.956633352693	6	-0.768939179440137	0.06	99
Ganyra josephina	1	NA	NA	NA	NA	NA	NA	99
Ganyra phaloe	0	NA	NA	NA	NA	NA	NA	99
Gegenes pumilio	1	NA	NA	NA	NA	NA	NA	99
Geitoneura klugii	1	NA	NA	NA	NA	NA	NA	99
Gerosis bhagava	0	NA	NA	NA	NA	NA	NA	99
Gesta gesta	1	NA	NA	NA	NA	NA	NA	99
Gideona lucasi	0	NA	NA	NA	NA	NA	NA	99
Glabroculus cyane	1	NA	NA	NA	NA	NA	NA	99
Glaucopsyche lygdamus	1	NA	NA	NA	NA	NA	NA	99
Glennia pylotis	0	NA	NA	NA	NA	NA	NA	99
Glutophrissa drusilla	2	237.157932	267.286768575758	69.935385409909	15	-0.430809616607742	0.15	99
Gnophodes betsimena	1	NA	NA	NA	NA	NA	NA	99
Godyris duillia	0	NA	NA	NA	NA	NA	NA	99
Gomalia elma	1	NA	NA	NA	NA	NA	NA	99
Gonepteryx rhamni	1	NA	NA	NA	NA	NA	NA	99
Gonerilia seraphim	0	NA	NA	NA	NA	NA	NA	99
Grais stigmaticus	0	NA	NA	NA	NA	NA	NA	99
Graphium agamemnon	2	216.76	266.56809559596	70.1097064881649	3	-0.71043081038098	0.03	99
Graphium evemon	0	NA	NA	NA	NA	NA	NA	99
Graphium sarpedon	3	242.205268666667	267.132514747475	64.6174865694967	22	-0.385766259323606	0.22	99
Greta morgane	1	NA	NA	NA	NA	NA	NA	99
Gretna cylinda	1	NA	NA	NA	NA	NA	NA	99
Gunayan rubricollis	0	NA	NA	NA	NA	NA	NA	99
Gyrocheilus patrobas	0	NA	NA	NA	NA	NA	NA	99
Habrodais grunus	1	NA	NA	NA	NA	NA	NA	99
Hades noctula	1	NA	NA	NA	NA	NA	NA	99
Haematera pyrame	1	NA	NA	NA	NA	NA	NA	99
Haetera piera	0	NA	NA	NA	NA	NA	NA	99
Halotus rica	0	NA	NA	NA	NA	NA	NA	99
Halpe porus	1	NA	NA	NA	NA	NA	NA	99
Hamadryas amphinome	1	NA	NA	NA	NA	NA	NA	99
Hamanumida daedalus	1	NA	NA	NA	NA	NA	NA	99
Hamearis lucina	1	NA	NA	NA	NA	NA	NA	99
Harma theobene	3	185.816573333333	264.146155851852	60.3437024727594	1	-1.29805728367228	0.01	99
Hasora badra	1	NA	NA	NA	NA	NA	NA	99
Hasora chromus	4	219.793590833333	282.349252861953	77.7536546418098	2	-0.804536613961063	0.02	99
Hayashikeia courvoisieri	0	NA	NA	NA	NA	NA	NA	99
Hebomoia glaucippe	3	84.4834466666667	260.168685265993	48.6745631891108	1	-3.60938500704676	0.01	99
Helias phalaenoides	0	NA	NA	NA	NA	NA	NA	99
Heliconius atthis	0	NA	NA	NA	NA	NA	NA	99
Heliconius besckei	1	NA	NA	NA	NA	NA	NA	99
Heliconius charithonia	1	NA	NA	NA	NA	NA	NA	99
Heliconius cydno	1	NA	NA	NA	NA	NA	NA	99
Heliconius eleuchia	0	NA	NA	NA	NA	NA	NA	99
Heliconius elevatus	0	NA	NA	NA	NA	NA	NA	99
Heliconius erato	1	NA	NA	NA	NA	NA	NA	99
Heliconius ethilla	1	NA	NA	NA	NA	NA	NA	99
Heliconius hecale	1	NA	NA	NA	NA	NA	NA	99
Heliconius hermathena	0	NA	NA	NA	NA	NA	NA	99
Heliconius heurippa	0	NA	NA	NA	NA	NA	NA	99
Heliconius hewitsoni	0	NA	NA	NA	NA	NA	NA	99
Heliconius himera	0	NA	NA	NA	NA	NA	NA	99
Heliconius hortense	0	NA	NA	NA	NA	NA	NA	99
Heliconius ismenius	1	NA	NA	NA	NA	NA	NA	99
Heliconius melpomene	1	NA	NA	NA	NA	NA	NA	99
Heliconius numata	1	NA	NA	NA	NA	NA	NA	99
Heliconius pardalinus	0	NA	NA	NA	NA	NA	NA	99
Heliconius ricini	0	NA	NA	NA	NA	NA	NA	99
Heliconius sapho	1	NA	NA	NA	NA	NA	NA	99
Heliconius sara	1	NA	NA	NA	NA	NA	NA	99
Heliconius timareta	0	NA	NA	NA	NA	NA	NA	99
Heliconius wallacei	1	NA	NA	NA	NA	NA	NA	99
Heliconius xanthocles	1	NA	NA	NA	NA	NA	NA	99
Helicopis cupido	0	NA	NA	NA	NA	NA	NA	99
Heliopetes ericetorum	1	NA	NA	NA	NA	NA	NA	99
Heliophorus epicles	1	NA	NA	NA	NA	NA	NA	99
Heliopyrgus domicella	0	NA	NA	NA	NA	NA	NA	99
Hemiolaus caeculus	1	NA	NA	NA	NA	NA	NA	99
Heraclides aristodemus	1	NA	NA	NA	NA	NA	NA	99
Heraclides cresphontes	1	NA	NA	NA	NA	NA	NA	99
Heraclides thoas	2	271.824694	284.059192949495	110.584373039136	87	-0.110634971409253	0.87	99
Herimosa albovenata	1	NA	NA	NA	NA	NA	NA	99
Hermeuptychia hermes	1	NA	NA	NA	NA	NA	NA	99
Hermeuptychia sosybius	1	NA	NA	NA	NA	NA	NA	99
Herona marathus	1	NA	NA	NA	NA	NA	NA	99
Hesperia comma	2	271.51699	267.405094939394	82.5899285506589	80	0.0497868824052065	0.8	99
Hesperia meskei	1	NA	NA	NA	NA	NA	NA	99
Hesperilla ornata	1	NA	NA	NA	NA	NA	NA	99
Hesperocharis marchalii	1	NA	NA	NA	NA	NA	NA	99
Hesperopsis alpheus	1	NA	NA	NA	NA	NA	NA	99
Hestina assimilis	1	NA	NA	NA	NA	NA	NA	99
Hestinalis nama	1	NA	NA	NA	NA	NA	NA	99
Hestina persimilis	1	NA	NA	NA	NA	NA	NA	99
Heteronympha merope	1	NA	NA	NA	NA	NA	NA	99
Heteropterus morpheus	1	NA	NA	NA	NA	NA	NA	99
Heterosais nephele	0	NA	NA	NA	NA	NA	NA	99
Hewitsonia intermedia	0	NA	NA	NA	NA	NA	NA	99
Hewitsoniella migonitis	0	NA	NA	NA	NA	NA	NA	99
Hidari irava	2	213.46789	269.52351759596	92.0037260613439	8	-0.609275623887062	0.08	99
Hipparchia senthes	0	NA	NA	NA	NA	NA	NA	99
Historis odius	1	NA	NA	NA	NA	NA	NA	99
Horaga onyx	3	258.407546666667	264.855722215488	60.9483919314875	51	-0.105797303989086	0.51	99
Howarthia caelestis	0	NA	NA	NA	NA	NA	NA	99
Hyarotis adrastus	1	NA	NA	NA	NA	NA	NA	99
Hylephila phyleus	1	NA	NA	NA	NA	NA	NA	99
Hypanartia lethe	2	146.93759	281.91332330303	112.122119732488	2	-1.20382787647138	0.02	99
Hypaurotis crysalus	0	NA	NA	NA	NA	NA	NA	99
Hypermnestra helios	1	NA	NA	NA	NA	NA	NA	99
Hyphilaria thasus	1	NA	NA	NA	NA	NA	NA	99
Hypna clytemnestra	1	NA	NA	NA	NA	NA	NA	99
Hypochrysops polycletus	1	NA	NA	NA	NA	NA	NA	99
Hypoleria lavinia	1	NA	NA	NA	NA	NA	NA	99
Hypoleucis tripunctata	1	NA	NA	NA	NA	NA	NA	99
Hypolimnas anthedon	2	247.46863	289.097892161616	116.187535536123	32	-0.358293701381364	0.32	99
Hypolimnas bolina	10	230.735067711111	281.096766533333	44.9407708042337	2	-1.12062383267974	0.02	99
Hypolimnas misippus	7	215.49812847619	278.750297861472	53.6065786057522	1	-1.17993296775135	0.01	99
Hypolycaena phorbas	10	250.208562355556	272.956204596633	40.1603903033052	34	-0.566419849739492	0.34	99
Hypolycaena sipylus	1	NA	NA	NA	NA	NA	NA	99
Hyponephele lycaon	1	NA	NA	NA	NA	NA	NA	99
Hypothyris euclea	1	NA	NA	NA	NA	NA	NA	99
Hypsochila wagenknechti	0	NA	NA	NA	NA	NA	NA	99
Iambrix salsala	1	NA	NA	NA	NA	NA	NA	99
Idea leuconoe	1	NA	NA	NA	NA	NA	NA	99
Ideopsis gaura	1	NA	NA	NA	NA	NA	NA	99
Ideopsis vitrea	1	NA	NA	NA	NA	NA	NA	99
Inbio hilara	0	NA	NA	NA	NA	NA	NA	99
Iolana iolas	1	NA	NA	NA	NA	NA	NA	99
Iolaus bellina	0	NA	NA	NA	NA	NA	NA	99
Iophanus pyrrhias	0	NA	NA	NA	NA	NA	NA	99
Iphiclides podalirius	1	NA	NA	NA	NA	NA	NA	99
Ipidecla miadora	0	NA	NA	NA	NA	NA	NA	99
Iraota rochana	1	NA	NA	NA	NA	NA	NA	99
Iratsume orsedice	2	244.81111	265.929448434343	82.2546262576712	29	-0.256743473226516	0.29	99
Iridana perdita	0	NA	NA	NA	NA	NA	NA	99
Isma bononia	0	NA	NA	NA	NA	NA	NA	99
Isoteinon lamprospilus	1	NA	NA	NA	NA	NA	NA	99
Issoria baumanni	0	NA	NA	NA	NA	NA	NA	99
Issoria lathonia	3	242.169937333333	273.762735979798	77.8805629574897	22	-0.40565704004617	0.22	99
Ithomia drymo	1	NA	NA	NA	NA	NA	NA	99
Ithomia patilla	1	NA	NA	NA	NA	NA	NA	99
Ixias pyrene	1	NA	NA	NA	NA	NA	NA	99
Jacoona anasuja	1	NA	NA	NA	NA	NA	NA	99
Jalmenus evagoras	1	NA	NA	NA	NA	NA	NA	99
Jameela palmyra	1	NA	NA	NA	NA	NA	NA	99
Jamides bochus	1	NA	NA	NA	NA	NA	NA	99
Japonica saepestriata	1	NA	NA	NA	NA	NA	NA	99
Jemadia pseudognetus	1	NA	NA	NA	NA	NA	NA	99
Jonaspyge aesculapus	0	NA	NA	NA	NA	NA	NA	99
Juditha caucana	1	NA	NA	NA	NA	NA	NA	99
Junea doraete	0	NA	NA	NA	NA	NA	NA	99
Junonia coenia	5	96.8931328	277.165947955556	62.7115049870164	1	-2.87463704136711	0.01	99
Junonia natalica	2	94.54217	293.25008649495	122.02314582426	1	-1.62844446561911	0.01	99
Kallima limborgii	1	NA	NA	NA	NA	NA	NA	99
Kallima paralekta	1	NA	NA	NA	NA	NA	NA	99
Kallimoides rumia	0	NA	NA	NA	NA	NA	NA	99
Kaniska canace	2	111.1524	264.85848120202	82.6647054360375	1	-1.85939186973758	0.01	99
Kedestes barberae	1	NA	NA	NA	NA	NA	NA	99
Kirinia epimenides	0	NA	NA	NA	NA	NA	NA	99
Kisutam syllis	0	NA	NA	NA	NA	NA	NA	99
Kolana ligurina	0	NA	NA	NA	NA	NA	NA	99
Kretania psylorita	0	NA	NA	NA	NA	NA	NA	99
Kricogonia lyside	1	NA	NA	NA	NA	NA	NA	99
Lachnocnema bibulus	0	NA	NA	NA	NA	NA	NA	99
Lachnoptera ayresii	2	189.730537	257.958106454545	73.7005212845241	4	-0.925740663232896	0.04	99
Laeosopis roboris	1	NA	NA	NA	NA	NA	NA	99
Lampides boeticus	1	NA	NA	NA	NA	NA	NA	99
Lamprolenis nitida	0	NA	NA	NA	NA	NA	NA	99
Lamproptera curius	1	NA	NA	NA	NA	NA	NA	99
Lamproptera meges	1	NA	NA	NA	NA	NA	NA	99
Laothus barajo	1	NA	NA	NA	NA	NA	NA	99
Lasaia agesilas	0	NA	NA	NA	NA	NA	NA	99
Lasaia sula	1	NA	NA	NA	NA	NA	NA	99
Lasiommata megera	1	NA	NA	NA	NA	NA	NA	99
Lebadea martha	1	NA	NA	NA	NA	NA	NA	99
Lemonias zygia	0	NA	NA	NA	NA	NA	NA	99
Leodonta tellane	0	NA	NA	NA	NA	NA	NA	99
Lep accepted name	0	NA	NA	NA	NA	NA	NA	99
Lepella lepeletier	0	NA	NA	NA	NA	NA	NA	99
Lepidochrysops patricia	1	NA	NA	NA	NA	NA	NA	99
Leptalina unicolor	1	NA	NA	NA	NA	NA	NA	99
Leptidea juvernica	0	NA	NA	NA	NA	NA	NA	99
Leptidea reali	0	NA	NA	NA	NA	NA	NA	99
Leptidea sinapis	1	NA	NA	NA	NA	NA	NA	99
Leptomyrina gorgias	1	NA	NA	NA	NA	NA	NA	99
Leptophobia eleone	0	NA	NA	NA	NA	NA	NA	99
Leptosia alcesta	1	NA	NA	NA	NA	NA	NA	99
Leptotes cassius	2	247.46895	272.297535959596	89.568938176529	33	-0.277200851825015	0.33	99
Lerema accius	1	NA	NA	NA	NA	NA	NA	99
Lerodea eufala	1	NA	NA	NA	NA	NA	NA	99
Lethe anthedon	1	NA	NA	NA	NA	NA	NA	99
Lethe dura	0	NA	NA	NA	NA	NA	NA	99
Lethe europa	1	NA	NA	NA	NA	NA	NA	99
Lethe rohria	1	NA	NA	NA	NA	NA	NA	99
Leucantigius atayalica	1	NA	NA	NA	NA	NA	NA	99
Leucidia brephos	0	NA	NA	NA	NA	NA	NA	99
Leucochimona icare	0	NA	NA	NA	NA	NA	NA	99
Leucochitonea levubu	0	NA	NA	NA	NA	NA	NA	99
Lexias aeropa	1	NA	NA	NA	NA	NA	NA	99
Libythea celtis	1	NA	NA	NA	NA	NA	NA	99
Libythea lepita	1	NA	NA	NA	NA	NA	NA	99
Lieinix nemesis	1	NA	NA	NA	NA	NA	NA	99
Limenitis arthemis	4	222.511521	262.684359003367	51.432134164304	2	-0.781084406784128	0.02	99
Limenitis cottini	1	NA	NA	NA	NA	NA	NA	99
Limenitis populi	1	NA	NA	NA	NA	NA	NA	99
Limenitis sulpitia	1	NA	NA	NA	NA	NA	NA	99
Lipaphnaeus aderna	0	NA	NA	NA	NA	NA	NA	99
Liphyra brassolis	0	NA	NA	NA	NA	NA	NA	99
Logania malayica	0	NA	NA	NA	NA	NA	NA	99
Lopinga deidamia	1	NA	NA	NA	NA	NA	NA	99
Lotongus calathus	1	NA	NA	NA	NA	NA	NA	99
Loxura atymnus	2	239.54455	249.865831545455	20.9493641578695	30	-0.492677556591971	0.3	99
Lucia limbaria	1	NA	NA	NA	NA	NA	NA	99
Lucinia cadma	1	NA	NA	NA	NA	NA	NA	99
Luehdorfia japonica	1	NA	NA	NA	NA	NA	NA	99
Luehdorfia puziloi	1	NA	NA	NA	NA	NA	NA	99
Luthrodes cleotas	1	NA	NA	NA	NA	NA	NA	99
Lycaena hippothoe	1	NA	NA	NA	NA	NA	NA	99
Lycas argentea	0	NA	NA	NA	NA	NA	NA	99
Lychnuchoides ozias	0	NA	NA	NA	NA	NA	NA	99
Lycorea halia	3	244.032188666667	268.971974606061	70.7675530602721	32	-0.352418373405576	0.32	99
Lysandra coridon	1	NA	NA	NA	NA	NA	NA	99
Macrosoma hyacinthina	0	NA	NA	NA	NA	NA	NA	99
Macrosoma rubedinaria	0	NA	NA	NA	NA	NA	NA	99
Macrosoma tipulata	0	NA	NA	NA	NA	NA	NA	99
Magnastigma hirsuta	0	NA	NA	NA	NA	NA	NA	99
Magneuptychia alcinoe	0	NA	NA	NA	NA	NA	NA	99
Magneuptychia libye	1	NA	NA	NA	NA	NA	NA	99
Magneuptychia ocnus	0	NA	NA	NA	NA	NA	NA	99
Mahathala ameria	1	NA	NA	NA	NA	NA	NA	99
Manataria hercyna	1	NA	NA	NA	NA	NA	NA	99
Mandarinia regalis	0	NA	NA	NA	NA	NA	NA	99
Maniola jurtina	1	NA	NA	NA	NA	NA	NA	99
Manto hypoleuca	0	NA	NA	NA	NA	NA	NA	99
Marpesia eleuchea	1	NA	NA	NA	NA	NA	NA	99
Matapa aria	1	NA	NA	NA	NA	NA	NA	99
Mathania aureomaculata	0	NA	NA	NA	NA	NA	NA	99
Maurus vogelii	0	NA	NA	NA	NA	NA	NA	99
Mcclungia cymo	1	NA	NA	NA	NA	NA	NA	99
Meandrusa lachinus	0	NA	NA	NA	NA	NA	NA	99
Mechanitis lysimnia	1	NA	NA	NA	NA	NA	NA	99
Mechanitis polymnia	1	NA	NA	NA	NA	NA	NA	99
Megathymus streckeri	1	NA	NA	NA	NA	NA	NA	99
Megathymus ursus	1	NA	NA	NA	NA	NA	NA	99
Megathymus yuccae	1	NA	NA	NA	NA	NA	NA	99
Megeuptychia antonoe	0	NA	NA	NA	NA	NA	NA	99
Megisba malaya	3	235.296354	265.665368329966	75.9508769607909	14	-0.399850739651685	0.14	99
Megisto cymela	1	NA	NA	NA	NA	NA	NA	99
Megisto rubricata	0	NA	NA	NA	NA	NA	NA	99
Melampias huebneri	1	NA	NA	NA	NA	NA	NA	99
Melanargia galathea	1	NA	NA	NA	NA	NA	NA	99
Melanis pixe	1	NA	NA	NA	NA	NA	NA	99
Melanitis leda	1	NA	NA	NA	NA	NA	NA	99
Melanocyma faunula	0	NA	NA	NA	NA	NA	NA	99
Melanolycaena altimontana	0	NA	NA	NA	NA	NA	NA	99
Melete lycimnia	0	NA	NA	NA	NA	NA	NA	99
Melinaea menophilus	0	NA	NA	NA	NA	NA	NA	99
Melitaea cinxia	2	213.48326	267.874076	82.1843648610412	5	-0.661814641896485	0.05	99
Melphinyet flavina	0	NA	NA	NA	NA	NA	NA	99
Melphinyet tarace	0	NA	NA	NA	NA	NA	NA	99
Memphis pithyusa	1	NA	NA	NA	NA	NA	NA	99
Mesene croceella	0	NA	NA	NA	NA	NA	NA	99
Mesene phareus	0	NA	NA	NA	NA	NA	NA	99
Mesodina halyzia	1	NA	NA	NA	NA	NA	NA	99
Mesosemia grandis	1	NA	NA	NA	NA	NA	NA	99
Mesoxantha ethosea	0	NA	NA	NA	NA	NA	NA	99
Mestra dorcas	1	NA	NA	NA	NA	NA	NA	99
Metacharis umbrata	0	NA	NA	NA	NA	NA	NA	99
Metamorpha elissa	0	NA	NA	NA	NA	NA	NA	99
Methona themisto	1	NA	NA	NA	NA	NA	NA	99
Metisella metis	1	NA	NA	NA	NA	NA	NA	99
Meza meza	0	NA	NA	NA	NA	NA	NA	99
Michaelus ira	0	NA	NA	NA	NA	NA	NA	99
Microceris variicolor	0	NA	NA	NA	NA	NA	NA	99
Microtia elva	0	NA	NA	NA	NA	NA	NA	99
Miletus symethus	0	NA	NA	NA	NA	NA	NA	99
Mimathyma chevana	1	NA	NA	NA	NA	NA	NA	99
Mimeresia libentina	0	NA	NA	NA	NA	NA	NA	99
Mimoides xynias	0	NA	NA	NA	NA	NA	NA	99
Mimoniades ocyalus	0	NA	NA	NA	NA	NA	NA	99
Ministrymon leda	1	NA	NA	NA	NA	NA	NA	99
Minois dryas	2	187.64298	267.673879858586	81.5112113976502	3	-0.981839166494009	0.03	99
Mnasilus allubita	0	NA	NA	NA	NA	NA	NA	99
Moduza procris	1	NA	NA	NA	NA	NA	NA	99
Moeros moeros	0	NA	NA	NA	NA	NA	NA	99
Monza punctata	0	NA	NA	NA	NA	NA	NA	99
Morpho helenor	3	242.170096666667	272.367222181818	79.5114254563401	29	-0.379783475668322	0.29	99
Morphopsis albertisi	0	NA	NA	NA	NA	NA	NA	99
Morvina morvus	0	NA	NA	NA	NA	NA	NA	99
Morys compta	0	NA	NA	NA	NA	NA	NA	99
Mota massyla	0	NA	NA	NA	NA	NA	NA	99
Motasingha trimaculata	1	NA	NA	NA	NA	NA	NA	99
Mycalesis francisca	1	NA	NA	NA	NA	NA	NA	99
Mycalesis tagala	0	NA	NA	NA	NA	NA	NA	99
Mygona irmina	0	NA	NA	NA	NA	NA	NA	99
Mylothris chloris	2	162.945508	278.31836530303	115.191219776047	4	-1.00157683482592	0.04	99
Myrina silenus	1	NA	NA	NA	NA	NA	NA	99
Myscelia cyaniris	1	NA	NA	NA	NA	NA	NA	99
Myscelia orsis	0	NA	NA	NA	NA	NA	NA	99
Myscelus amystis	1	NA	NA	NA	NA	NA	NA	99
Myscelus belti	0	NA	NA	NA	NA	NA	NA	99
Myscelus epimachia	0	NA	NA	NA	NA	NA	NA	99
Myscelus nobilis	1	NA	NA	NA	NA	NA	NA	99
Mysoria barcastus	1	NA	NA	NA	NA	NA	NA	99
Nabokovia faga	0	NA	NA	NA	NA	NA	NA	99
Nacaduba kurava	3	234.485309333333	266.953196565657	70.3332343806405	17	-0.461629377892795	0.17	99
Napaea eucharila	1	NA	NA	NA	NA	NA	NA	99
Napeocles jucunda	0	NA	NA	NA	NA	NA	NA	99
Narcosius colossus	0	NA	NA	NA	NA	NA	NA	99
Nascus phocus	0	NA	NA	NA	NA	NA	NA	99
Nastra julia	1	NA	NA	NA	NA	NA	NA	99
Nathalis iole	3	244.895446666667	263.34641769697	60.678422915563	30	-0.304077959573512	0.3	99
Neita neita	0	NA	NA	NA	NA	NA	NA	99
Nelia nemyroides	0	NA	NA	NA	NA	NA	NA	99
Neocoenyra duplex	0	NA	NA	NA	NA	NA	NA	99
Neohesperilla croceus	1	NA	NA	NA	NA	NA	NA	99
Neohesperilla xanthomera	1	NA	NA	NA	NA	NA	NA	99
Neolucia agricola	1	NA	NA	NA	NA	NA	NA	99
Neolysandra diana	0	NA	NA	NA	NA	NA	NA	99
Neominois ridingsii	1	NA	NA	NA	NA	NA	NA	99
Neomyrina nivea	0	NA	NA	NA	NA	NA	NA	99
Neonympha areolatus	2	187.64298	267.673879858586	81.5112113976502	3	-0.981839166494009	0.03	99
Neophasia menapia	1	NA	NA	NA	NA	NA	NA	99
Neopithecops zalmora	1	NA	NA	NA	NA	NA	NA	99
Neorina crishna	0	NA	NA	NA	NA	NA	NA	99
Neoxeniades braesia	0	NA	NA	NA	NA	NA	NA	99
Neozephyrus japonica	1	NA	NA	NA	NA	NA	NA	99
Neozephyrus orientalis	1	NA	NA	NA	NA	NA	NA	99
Neptidopsis ophione	1	NA	NA	NA	NA	NA	NA	99
Neptis sappho	4	220.103759833333	270.190248363636	61.7402581698991	2	-0.811245207178648	0.02	99
Neruda aoede	0	NA	NA	NA	NA	NA	NA	99
Nesolycaena albosericea	1	NA	NA	NA	NA	NA	NA	99
Nesoxenica leprea	1	NA	NA	NA	NA	NA	NA	99
Nessaea aglaura	1	NA	NA	NA	NA	NA	NA	99
Netrobalane canopus	1	NA	NA	NA	NA	NA	NA	99
Netrocoryne repanda	6	248.967430133333	274.590934587205	56.2708321514974	34	-0.455360325663679	0.34	99
Neurellipes lusones	0	NA	NA	NA	NA	NA	NA	99
Nica flavilla	1	NA	NA	NA	NA	NA	NA	99
Ninguta schrenkii	2	187.64298	267.673879858586	81.5112113976502	3	-0.981839166494009	0.03	99
Niphanda fusca	0	NA	NA	NA	NA	NA	NA	99
Noctuana haematospila	0	NA	NA	NA	NA	NA	NA	99
Nosea hainanensis	0	NA	NA	NA	NA	NA	NA	99
Notheme erota	0	NA	NA	NA	NA	NA	NA	99
Nothodanis schaeffera	0	NA	NA	NA	NA	NA	NA	99
Notocrypta curvifascia	3	108.435193333333	286.704450242424	95.283256555593	1	-1.87094000932976	0.01	99
Notocrypta feisthamelii	1	NA	NA	NA	NA	NA	NA	99
Nyctelius nyctelius	1	NA	NA	NA	NA	NA	NA	99
Nymphalis antiopa	5	214.7368068	265.838658563636	52.2181606084679	1	-0.978622210514048	0.01	99
Nymphalis xanthomelas	4	222.1595145	270.124762021886	58.644082952345	1	-0.817904298390391	0.01	99
Nymphidium caricae	0	NA	NA	NA	NA	NA	NA	99
Nymphidium onaeum	1	NA	NA	NA	NA	NA	NA	99
Oarisma garita	1	NA	NA	NA	NA	NA	NA	99
Oboronia punctatus	1	NA	NA	NA	NA	NA	NA	99
Ocaria ocrisia	0	NA	NA	NA	NA	NA	NA	99
Ochlodes sylvanoides	1	NA	NA	NA	NA	NA	NA	99
Ocybadistes flavovittata	1	NA	NA	NA	NA	NA	NA	99
Ocybadistes walkeri	2	229.20182	273.779733	89.1939390002104	8	-0.499786347589099	0.08	99
Odina hieroglyphica	0	NA	NA	NA	NA	NA	NA	99
Odontoptilum angulata	1	NA	NA	NA	NA	NA	NA	99
Oeneis norna	2	187.64298	267.673879858586	81.5112113976502	3	-0.981839166494009	0.03	99
Oenomaus ortygnus	1	NA	NA	NA	NA	NA	NA	99
Oerane microthyrus	1	NA	NA	NA	NA	NA	NA	99
Ogyris amaryllis	1	NA	NA	NA	NA	NA	NA	99
Oileides azines	0	NA	NA	NA	NA	NA	NA	99
Oleria aquata	0	NA	NA	NA	NA	NA	NA	99
Oligoria maculata	0	NA	NA	NA	NA	NA	NA	99
Olyras crathis	1	NA	NA	NA	NA	NA	NA	99
Onophas columbaria	0	NA	NA	NA	NA	NA	NA	99
Opoptera aorsa	0	NA	NA	NA	NA	NA	NA	99
Opsiphanes tamarindi	3	114.128313333333	263.038227609428	61.3000237692148	1	-2.42919831216897	0.01	99
Orachrysops niobe	1	NA	NA	NA	NA	NA	NA	99
Oraidium barberae	1	NA	NA	NA	NA	NA	NA	99
Oreisplanus munionga	1	NA	NA	NA	NA	NA	NA	99
Oreixenica lathoniella	1	NA	NA	NA	NA	NA	NA	99
Oressinoma typhla	0	NA	NA	NA	NA	NA	NA	99
Oriens gola	1	NA	NA	NA	NA	NA	NA	99
Orinoma damaris	0	NA	NA	NA	NA	NA	NA	99
Orphe gerasa	0	NA	NA	NA	NA	NA	NA	99
Orses cynisca	0	NA	NA	NA	NA	NA	NA	99
Orsotriaena medus	1	NA	NA	NA	NA	NA	NA	99
Ortilia liriope	3	174.904469333333	272.027724316498	75.2881120798046	1	-1.29002112418778	0.01	99
Osmodes laronia	1	NA	NA	NA	NA	NA	NA	99
Oxynetra stangelandi	0	NA	NA	NA	NA	NA	NA	99
Oxynthes corusca	0	NA	NA	NA	NA	NA	NA	99
Pachliopta aristolochiae	1	NA	NA	NA	NA	NA	NA	99
Pachliopta kotzebuea	0	NA	NA	NA	NA	NA	NA	99
Pachythone gigas	0	NA	NA	NA	NA	NA	NA	99
Pachythone xanthe	0	NA	NA	NA	NA	NA	NA	99
Pagyris cymothoe	1	NA	NA	NA	NA	NA	NA	99
Palaeonympha opalina	1	NA	NA	NA	NA	NA	NA	99
Palla ussheri	2	247.468822	274.584593343434	98.4887683284628	35	-0.275318412481334	0.35	99
Panacea procilla	0	NA	NA	NA	NA	NA	NA	99
Pandita sinope	1	NA	NA	NA	NA	NA	NA	99
Panoquina lucas	1	NA	NA	NA	NA	NA	NA	99
Panoquina ocola	1	NA	NA	NA	NA	NA	NA	99
Panoquina panoquin	1	NA	NA	NA	NA	NA	NA	99
Panthiades hebraeus	0	NA	NA	NA	NA	NA	NA	99
Pantoporia hordonia	1	NA	NA	NA	NA	NA	NA	99
Panyapedaliodes drymaea	0	NA	NA	NA	NA	NA	NA	99
Papias subcostulata	0	NA	NA	NA	NA	NA	NA	99
Papilio alexanor	1	NA	NA	NA	NA	NA	NA	99
Papilio ambrax	1	NA	NA	NA	NA	NA	NA	99
Papilio clytia	1	NA	NA	NA	NA	NA	NA	99
Papilio deiphobus	1	NA	NA	NA	NA	NA	NA	99
Papilio elwesi	1	NA	NA	NA	NA	NA	NA	99
Papilio gigon	1	NA	NA	NA	NA	NA	NA	99
Papilio joanae	1	NA	NA	NA	NA	NA	NA	99
Papilio machaon	3	227.465654666667	284.148369326599	94.6903789465195	9	-0.598611129140656	0.09	99
Papilio memnon	2	271.824464	273.57508	98.2439826242317	87	-0.0178190658932855	0.87	99
Papilio phestus	1	NA	NA	NA	NA	NA	NA	99
Papilio polytes	1	NA	NA	NA	NA	NA	NA	99
Papilio polyxenes	2	247.468182	284.218800393939	120.121833862488	38	-0.305944533247889	0.38	99
Papilio protenor	1	NA	NA	NA	NA	NA	NA	99
Papilio slateri	1	NA	NA	NA	NA	NA	NA	99
Papilio xuthus	2	271.824694	276.562459414141	106.973095004393	82	-0.0442893179256599	0.82	99
Papilio zelicaon	2	247.468182	284.218800393939	120.121833862488	38	-0.305944533247889	0.38	99
Paracarystus hypargyra	0	NA	NA	NA	NA	NA	NA	99
Parachoranthus magdalia	0	NA	NA	NA	NA	NA	NA	99
Paralethe dendrophilus	1	NA	NA	NA	NA	NA	NA	99
Paralucia pyrodiscus	1	NA	NA	NA	NA	NA	NA	99
Paramacera xicaque	0	NA	NA	NA	NA	NA	NA	99
Paramimus scurra	0	NA	NA	NA	NA	NA	NA	99
Parantica aglea	1	NA	NA	NA	NA	NA	NA	99
Parantica sita	1	NA	NA	NA	NA	NA	NA	99
Pararge aegeria	1	NA	NA	NA	NA	NA	NA	99
Parasarpa daraxa	1	NA	NA	NA	NA	NA	NA	99
Paratisiphone lyrnessa	0	NA	NA	NA	NA	NA	NA	99
Paratrytone snowi	0	NA	NA	NA	NA	NA	NA	99
Pardaleodes edipus	0	NA	NA	NA	NA	NA	NA	99
Pardaleodes incerta	0	NA	NA	NA	NA	NA	NA	99
Pardopsis punctatissima	1	NA	NA	NA	NA	NA	NA	99
Parelbella ahira	0	NA	NA	NA	NA	NA	NA	99
Parelbella macleannani	0	NA	NA	NA	NA	NA	NA	99
Pareronia valeria	1	NA	NA	NA	NA	NA	NA	99
Pareuptychia hesionides	0	NA	NA	NA	NA	NA	NA	99
Pareuptychia ocirrhoe	1	NA	NA	NA	NA	NA	NA	99
Parides agavus	1	NA	NA	NA	NA	NA	NA	99
Parides eurimedes	1	NA	NA	NA	NA	NA	NA	99
Parides photinus	1	NA	NA	NA	NA	NA	NA	99
Parnara apostata	1	NA	NA	NA	NA	NA	NA	99
Parnara guttatus	1	NA	NA	NA	NA	NA	NA	99
Parnassius apollo	1	NA	NA	NA	NA	NA	NA	99
Parnassius imperator	0	NA	NA	NA	NA	NA	NA	99
Parnassius smintheus	1	NA	NA	NA	NA	NA	NA	99
Parosmodes morantii	2	237.157588	269.545039010101	91.7346301388992	18	-0.353055884795762	0.18	99
Parrhasius polibetes	0	NA	NA	NA	NA	NA	NA	99
Parthenos sylvina	3	252.765517333333	269.444977905724	69.4780629341796	45	-0.240068013815986	0.45	99
Paryphthimoides eous	1	NA	NA	NA	NA	NA	NA	99
Paryphthimoides poltys	1	NA	NA	NA	NA	NA	NA	99
Pasma tasmanicus	1	NA	NA	NA	NA	NA	NA	99
Passova gellias	0	NA	NA	NA	NA	NA	NA	99
Passova passova	0	NA	NA	NA	NA	NA	NA	99
Patricia dercyllidas	0	NA	NA	NA	NA	NA	NA	99
Patsuia sinensium	0	NA	NA	NA	NA	NA	NA	99
Pellicia arina	0	NA	NA	NA	NA	NA	NA	99
Pellicia dimidiata	0	NA	NA	NA	NA	NA	NA	99
Pelopidas mathias	2	187.64298	267.673879858586	81.5112113976502	3	-0.981839166494009	0.03	99
Penthema adelma	1	NA	NA	NA	NA	NA	NA	99
Pentila pauli	0	NA	NA	NA	NA	NA	NA	99
Pentila tropicalis	0	NA	NA	NA	NA	NA	NA	99
Perichares lotus	0	NA	NA	NA	NA	NA	NA	99
Periplacis pretus	1	NA	NA	NA	NA	NA	NA	99
Perisama bomplandii	0	NA	NA	NA	NA	NA	NA	99
Perophthalma lasus	0	NA	NA	NA	NA	NA	NA	99
Perrhybris pamela	1	NA	NA	NA	NA	NA	NA	99
Petrelaea dana	0	NA	NA	NA	NA	NA	NA	99
Phaedyma columella	4	233.336995666667	268.64804180303	61.4020955987631	9	-0.575078843678341	0.09	99
Phaeostrymon alcestis	1	NA	NA	NA	NA	NA	NA	99
Phalanta eurytis	2	224.042046	254.597667979798	46.7659808726458	8	-0.653372845167254	0.08	99
Phalanta phalantha	5	223.0373476	261.008840125253	39.6224481841636	1	-0.95833282054563	0.01	99
Phanus vitreus	0	NA	NA	NA	NA	NA	NA	99
Phareas coeleste	0	NA	NA	NA	NA	NA	NA	99
Pharmacophagus antenor	1	NA	NA	NA	NA	NA	NA	99
Pharneuptychia phares	0	NA	NA	NA	NA	NA	NA	99
Phasis pringlei	0	NA	NA	NA	NA	NA	NA	99
Phengaris atroguttata	1	NA	NA	NA	NA	NA	NA	99
Phengaris nausithous	0	NA	NA	NA	NA	NA	NA	99
Philaethria dido	1	NA	NA	NA	NA	NA	NA	99
Philotes sonorensis	1	NA	NA	NA	NA	NA	NA	99
Philotiella leona	0	NA	NA	NA	NA	NA	NA	99
Phlyaria cyara	1	NA	NA	NA	NA	NA	NA	99
Phocides pigmalion	1	NA	NA	NA	NA	NA	NA	99
Phocides polybius	1	NA	NA	NA	NA	NA	NA	99
Phoebis agarithe	1	NA	NA	NA	NA	NA	NA	99
Phoebis argante	1	NA	NA	NA	NA	NA	NA	99
Phoebis sennae	1	NA	NA	NA	NA	NA	NA	99
Pholisora catullus	1	NA	NA	NA	NA	NA	NA	99
Pholisora mejicanus	1	NA	NA	NA	NA	NA	NA	99
Phyciodes cocyta	1	NA	NA	NA	NA	NA	NA	99
Phyciodes tharos	1	NA	NA	NA	NA	NA	NA	99
Physcaeneura panda	1	NA	NA	NA	NA	NA	NA	99
Phystis simois	1	NA	NA	NA	NA	NA	NA	99
Pieriballia viardi	0	NA	NA	NA	NA	NA	NA	99
Pieris brassicae	4	135.99273	274.700616127946	63.2546125060639	1	-2.19285014376855	0.01	99
Pieris napi	2	163.20219	278.462765383838	106.063075180802	2	-1.08671726882667	0.02	99
Pieris rapae	5	126.311358	271.683142545455	52.9999632280782	1	-2.74286576237547	0.01	99
Pierphulia rosea	0	NA	NA	NA	NA	NA	NA	99
Pinacopteryx eriphia	1	NA	NA	NA	NA	NA	NA	99
Pirdana hyela	1	NA	NA	NA	NA	NA	NA	99
Piruna aea	0	NA	NA	NA	NA	NA	NA	99
Piruna pirus	0	NA	NA	NA	NA	NA	NA	99
Pithecops corvus	2	247.4691	267.231092161616	82.0148744270785	40	-0.240956196051816	0.4	99
Placidina euryanassa	1	NA	NA	NA	NA	NA	NA	99
Plastingia naga	1	NA	NA	NA	NA	NA	NA	99
Platylesches picanini	1	NA	NA	NA	NA	NA	NA	99
Plautella cossaea	0	NA	NA	NA	NA	NA	NA	99
Plebejidea loewii	0	NA	NA	NA	NA	NA	NA	99
Plebejus anna	1	NA	NA	NA	NA	NA	NA	99
Plebejus argus	4	239.993683333333	271.595862981482	67.2589220222444	18	-0.469858551073662	0.18	99
Plebejus idas	2	247.46914	274.336415757576	97.0860278385462	48	-0.276736790614773	0.48	99
Plebejus melissa	1	NA	NA	NA	NA	NA	NA	99
Plebulina emigdionis	1	NA	NA	NA	NA	NA	NA	99
Ploetzia amygdalis	0	NA	NA	NA	NA	NA	NA	99
Poanes zabulon	1	NA	NA	NA	NA	NA	NA	99
Poladryas arachne	1	NA	NA	NA	NA	NA	NA	99
Polites vibex	1	NA	NA	NA	NA	NA	NA	99
Polycaena tamerlana	0	NA	NA	NA	NA	NA	NA	99
Polyctor polyctor	0	NA	NA	NA	NA	NA	NA	99
Polygonia c-album	7	217.776467238095	272.291511037037	48.1964288423927	1	-1.13110130995829	0.01	99
Polygonia c-aureum	1	NA	NA	NA	NA	NA	NA	99
Polygonus leo	1	NA	NA	NA	NA	NA	NA	99
Polygonus savigny	1	NA	NA	NA	NA	NA	NA	99
Polyommatus icarus	1	NA	NA	NA	NA	NA	NA	99
Polythrix asine	1	NA	NA	NA	NA	NA	NA	99
Polythrix octomaculata	1	NA	NA	NA	NA	NA	NA	99
Polytremis lubricans	1	NA	NA	NA	NA	NA	NA	99
Polyura eudamippus	3	207.264486666667	266.484474888889	71.4013076842363	4	-0.829396409434341	0.04	99
Pompeius verna	0	NA	NA	NA	NA	NA	NA	99
Pontia beckerii	2	88.44687	261.874194909091	60.1845186447466	1	-2.88159361932903	0.01	99
Pontia daplidice	2	118.9514	270.062458525253	81.71179627007	2	-1.84931754560636	0.02	99
Poritia hewitsoni	0	NA	NA	NA	NA	NA	NA	99
Posttaygetis penelea	0	NA	NA	NA	NA	NA	NA	99
Potanthus omaha	1	NA	NA	NA	NA	NA	NA	99
Praepedaliodes phanias	1	NA	NA	NA	NA	NA	NA	99
Praephilotes anthracias	0	NA	NA	NA	NA	NA	NA	99
Praetaxila segecia	0	NA	NA	NA	NA	NA	NA	99
Pratapa deva	2	242.77043	283.27364440404	111.724288193296	25	-0.362528283321573	0.25	99
Prepona claudina	1	NA	NA	NA	NA	NA	NA	99
Prepona dexamenus	0	NA	NA	NA	NA	NA	NA	99
Prepona laertes	2	231.571895	260.967003060606	86.0300483948162	16	-0.341684197662003	0.16	99
Prioneris thestylis	1	NA	NA	NA	NA	NA	NA	99
Problema byssus	1	NA	NA	NA	NA	NA	NA	99
Proeidosa polysema	1	NA	NA	NA	NA	NA	NA	99
Prolibythea carinenta	1	NA	NA	NA	NA	NA	NA	99
Prosotas nora	1	NA	NA	NA	NA	NA	NA	99
Protantigius superans	1	NA	NA	NA	NA	NA	NA	99
Proteides mercurius	1	NA	NA	NA	NA	NA	NA	99
Proterebia phegea	0	NA	NA	NA	NA	NA	NA	99
Protesilaus protesilaus	0	NA	NA	NA	NA	NA	NA	99
Prothoe franckii	1	NA	NA	NA	NA	NA	NA	99
Protogoniomorpha anacardii	1	NA	NA	NA	NA	NA	NA	99
Protogoniomorpha parhassus	1	NA	NA	NA	NA	NA	NA	99
Protonymphidia senta	0	NA	NA	NA	NA	NA	NA	99
Pseudacraea rubrobasalis	0	NA	NA	NA	NA	NA	NA	99
Pseudaletis agrippina	0	NA	NA	NA	NA	NA	NA	99
Pseudalmenus chlorinda	1	NA	NA	NA	NA	NA	NA	99
Pseudargynnis hegemone	0	NA	NA	NA	NA	NA	NA	99
Pseudergolis avesta	0	NA	NA	NA	NA	NA	NA	99
Pseudochrysops bornoi	0	NA	NA	NA	NA	NA	NA	99
Pseudocoladenia dan	1	NA	NA	NA	NA	NA	NA	99
Pseudocopaeodes eunus	1	NA	NA	NA	NA	NA	NA	99
Pseudodipsas eone	3	263.501254666667	269.079885367003	75.6922354970682	80	-0.0737014921504444	0.8	99
Pseudolucia chilensis	0	NA	NA	NA	NA	NA	NA	99
Pseudolucia parana	0	NA	NA	NA	NA	NA	NA	99
Pseudolycaena marsyas	0	NA	NA	NA	NA	NA	NA	99
Pseudonacaduba aethiops	0	NA	NA	NA	NA	NA	NA	99
Pseudonascus paulliniae	0	NA	NA	NA	NA	NA	NA	99
Pseudoneptis bugandensis	1	NA	NA	NA	NA	NA	NA	99
Pseudonympha trimenii	1	NA	NA	NA	NA	NA	NA	99
Pseudopieris nehemia	0	NA	NA	NA	NA	NA	NA	99
Pseudopontia paradoxa	1	NA	NA	NA	NA	NA	NA	99
Pseudopontia zambezi	0	NA	NA	NA	NA	NA	NA	99
Pseudoscada timna	1	NA	NA	NA	NA	NA	NA	99
Pseudozizeeria maha	3	242.169772666667	270.947000323232	75.9490127540609	24	-0.378901931875698	0.24	99
Psolos fuligo	1	NA	NA	NA	NA	NA	NA	99
Psychonotis caelius	1	NA	NA	NA	NA	NA	NA	99
Ptelina carnuta	0	NA	NA	NA	NA	NA	NA	99
Pteronymia aletta	1	NA	NA	NA	NA	NA	NA	99
Pteroteinon laufella	1	NA	NA	NA	NA	NA	NA	99
Pterourus glaucus	7	255.259285809524	268.577728899471	46.7779419705601	61	-0.28471631134027	0.61	99
Pterourus troilus	4	263.3101955	270.81822349495	65.1753801643757	76	-0.11519730266266	0.76	99
Ptychandra lorquinii	1	NA	NA	NA	NA	NA	NA	99
Pycina zamba	0	NA	NA	NA	NA	NA	NA	99
Pyrgus albescens	1	NA	NA	NA	NA	NA	NA	99
Pyrgus carthami	2	237.158353	275.086207818182	97.4632532006339	20	-0.389150306116964	0.2	99
Pyrgus malvae	1	NA	NA	NA	NA	NA	NA	99
Pyrgus scriptura	1	NA	NA	NA	NA	NA	NA	99
Pyrisitia lisa	1	NA	NA	NA	NA	NA	NA	99
Pyrisitia proterpia	1	NA	NA	NA	NA	NA	NA	99
Pyronia tithonus	1	NA	NA	NA	NA	NA	NA	99
Pyrrhiades lucagus	0	NA	NA	NA	NA	NA	NA	99
Pyrrhocalles antiqua	0	NA	NA	NA	NA	NA	NA	99
Pyrrhochalcia iphis	1	NA	NA	NA	NA	NA	NA	99
Pyrrhogyra neaerea	1	NA	NA	NA	NA	NA	NA	99
Pyrrhogyra otolais	0	NA	NA	NA	NA	NA	NA	99
Pyrrhopyge crida	0	NA	NA	NA	NA	NA	NA	99
Pyrrhopyge phidias	0	NA	NA	NA	NA	NA	NA	99
Pyrrhopygopsis socrates	1	NA	NA	NA	NA	NA	NA	99
Pythonides jovianus	0	NA	NA	NA	NA	NA	NA	99
Quadrus cerialis	0	NA	NA	NA	NA	NA	NA	99
Quedara monteithi	1	NA	NA	NA	NA	NA	NA	99
Quinta cannae	1	NA	NA	NA	NA	NA	NA	99
Rachana jalindra	1	NA	NA	NA	NA	NA	NA	99
Ragadia luzonia	0	NA	NA	NA	NA	NA	NA	99
Ragadia makuta	0	NA	NA	NA	NA	NA	NA	99
Rapala varuna	5	230.7143614	273.488845694949	62.7513935700533	12	-0.681649950087525	0.12	99
Rathinda amor	5	237.538367	269.849216880808	59.3772728724672	13	-0.544161904340178	0.13	99
Ravenna niveus	1	NA	NA	NA	NA	NA	NA	99
Rekoa meton	0	NA	NA	NA	NA	NA	NA	99
Reliquia santamarta	0	NA	NA	NA	NA	NA	NA	99
Remelana jangala	5	233.872171	262.076083878788	50.1820882800389	10	-0.56203147069921	0.1	99
Rhabdodryas trite	1	NA	NA	NA	NA	NA	NA	99
Rhetus dysonii	0	NA	NA	NA	NA	NA	NA	99
Rhinopalpa polynice	1	NA	NA	NA	NA	NA	NA	99
Rhinthon cubana	0	NA	NA	NA	NA	NA	NA	99
Rimisia miris	0	NA	NA	NA	NA	NA	NA	99
Rohana parisatis	1	NA	NA	NA	NA	NA	NA	99
Sabera caesina	1	NA	NA	NA	NA	NA	NA	99
Sahulana scintillata	2	237.158162	272.67840549495	99.7738092199432	22	-0.356007691524015	0.22	99
Saigusaozephyrus atabyrius	0	NA	NA	NA	NA	NA	NA	99
Sais rosalia	0	NA	NA	NA	NA	NA	NA	99
Salanoemia sala	1	NA	NA	NA	NA	NA	NA	99
Sarangesa dasahara	1	NA	NA	NA	NA	NA	NA	99
Saribia perroti	0	NA	NA	NA	NA	NA	NA	99
Sarmientoia eriopis	0	NA	NA	NA	NA	NA	NA	99
Sarota myrtea	0	NA	NA	NA	NA	NA	NA	99
Sasakia charonda	1	NA	NA	NA	NA	NA	NA	99
Satarupa gopala	0	NA	NA	NA	NA	NA	NA	99
Satarupa nymphalis	1	NA	NA	NA	NA	NA	NA	99
Satyrium eximia	1	NA	NA	NA	NA	NA	NA	99
Satyrium pruni	1	NA	NA	NA	NA	NA	NA	99
Satyrium tengstroemi	1	NA	NA	NA	NA	NA	NA	99
Satyrotaygetis satyrina	1	NA	NA	NA	NA	NA	NA	99
Satyrus ferula	1	NA	NA	NA	NA	NA	NA	99
Scolitantides orion	1	NA	NA	NA	NA	NA	NA	99
Scolitantides vicrama	1	NA	NA	NA	NA	NA	NA	99
Selenophanes cassiope	0	NA	NA	NA	NA	NA	NA	99
Semalea pulvina	1	NA	NA	NA	NA	NA	NA	99
Semanga superba	0	NA	NA	NA	NA	NA	NA	99
Sephisa chandra	1	NA	NA	NA	NA	NA	NA	99
Sericinus montela	1	NA	NA	NA	NA	NA	NA	99
Seseria dohertyi	0	NA	NA	NA	NA	NA	NA	99
Sevenia amulia	1	NA	NA	NA	NA	NA	NA	99
Shaanxiana takashimai	0	NA	NA	NA	NA	NA	NA	99
Shijimiaeoides divina	0	NA	NA	NA	NA	NA	NA	99
Shirozua jonasi	2	225.40301	266.559301242424	81.9633809231898	15	-0.50213022912016	0.15	99
Shizuyaozephyrus kyokoae	0	NA	NA	NA	NA	NA	NA	99
Sibataniozephyrus fujisanus	1	NA	NA	NA	NA	NA	NA	99
Siderone galanthis	1	NA	NA	NA	NA	NA	NA	99
Signeta flammeata	1	NA	NA	NA	NA	NA	NA	99
Simiskina phalia	0	NA	NA	NA	NA	NA	NA	99
Siproeta epaphus	1	NA	NA	NA	NA	NA	NA	99
Sithon nedymond	0	NA	NA	NA	NA	NA	NA	99
Sloperia proto	1	NA	NA	NA	NA	NA	NA	99
Smyrna blomfildia	1	NA	NA	NA	NA	NA	NA	99
Sophista latifasciata	0	NA	NA	NA	NA	NA	NA	99
Spalgis epeus	0	NA	NA	NA	NA	NA	NA	99
Spalgis lemolea	0	NA	NA	NA	NA	NA	NA	99
Spathilepia clonius	1	NA	NA	NA	NA	NA	NA	99
Spialia colotes	0	NA	NA	NA	NA	NA	NA	99
Spialia orbifer	1	NA	NA	NA	NA	NA	NA	99
Spioniades artemides	0	NA	NA	NA	NA	NA	NA	99
Splendeuptychia doxes	0	NA	NA	NA	NA	NA	NA	99
Splendeuptychia libitina	0	NA	NA	NA	NA	NA	NA	99
Stallingsia maculosus	0	NA	NA	NA	NA	NA	NA	99
Staphylus ceos	0	NA	NA	NA	NA	NA	NA	99
Staphylus hayhurstii	1	NA	NA	NA	NA	NA	NA	99
Steroma bega	0	NA	NA	NA	NA	NA	NA	99
Stibochiona coresia	0	NA	NA	NA	NA	NA	NA	99
Stichelia bocchoris	0	NA	NA	NA	NA	NA	NA	99
Stichophthalma howqua	2	213.46789	269.52351759596	92.0037260613439	8	-0.609275623887062	0.08	99
Stinga morrisoni	0	NA	NA	NA	NA	NA	NA	99
Strymon melinus	5	242.4283272	277.573968866667	62.5362092957319	19	-0.562004669973902	0.19	99
Stugeta bowkeri	3	183.081272	277.319751212121	86.6849103391635	2	-1.08713822098222	0.02	99
Stygionympha vigilans	2	161.60275	258.752880686869	61.6540767530843	1	-1.57572922672966	0.01	99
Suada swerga	0	NA	NA	NA	NA	NA	NA	99
Suastus gremius	1	NA	NA	NA	NA	NA	NA	99
Suniana sunias	1	NA	NA	NA	NA	NA	NA	99
Surendra quercetorum	1	NA	NA	NA	NA	NA	NA	99
Symbrenthia hippoclus	1	NA	NA	NA	NA	NA	NA	99
Symmachia rubina	0	NA	NA	NA	NA	NA	NA	99
Symphaedra nais	1	NA	NA	NA	NA	NA	NA	99
Synale cynaxa	0	NA	NA	NA	NA	NA	NA	99
Synapte silius	0	NA	NA	NA	NA	NA	NA	99
Synargis calyce	0	NA	NA	NA	NA	NA	NA	99
Systasea zampa	1	NA	NA	NA	NA	NA	NA	99
Tagiades flesus	2	271.517033	263.706899383838	70.2735759728197	84	0.111138980876431	0.84	99
Tagiades gana	1	NA	NA	NA	NA	NA	NA	99
Tagiades japetus	2	271.51719	261.911469292929	59.0968280672332	81	0.162542069028518	0.81	99
Tagiades litigiosa	2	239.54455	249.865831545455	20.9493641578695	30	-0.492677556591971	0.3	99
Tajuria cippus	1	NA	NA	NA	NA	NA	NA	99
Talbotia naganum	1	NA	NA	NA	NA	NA	NA	99
Talicada nyseus	1	NA	NA	NA	NA	NA	NA	99
Talides sinois	0	NA	NA	NA	NA	NA	NA	99
Tanaecia lepidea	2	247.469315	267.038668484848	70.1092418515525	40	-0.279126588278962	0.4	99
Tapena thwaitesi	1	NA	NA	NA	NA	NA	NA	99
Taractrocera luzonensis	0	NA	NA	NA	NA	NA	NA	99
Taractrocera maevius	1	NA	NA	NA	NA	NA	NA	99
Taraka hamada	0	NA	NA	NA	NA	NA	NA	99
Tarsoctenus corytus	0	NA	NA	NA	NA	NA	NA	99
Tartesa astarte	0	NA	NA	NA	NA	NA	NA	99
Tarucus theophrastus	1	NA	NA	NA	NA	NA	NA	99
Tatochila autodice	1	NA	NA	NA	NA	NA	NA	99
Taxila haquinus	0	NA	NA	NA	NA	NA	NA	99
Taygetina kerea	0	NA	NA	NA	NA	NA	NA	99
Taygetis virgilia	0	NA	NA	NA	NA	NA	NA	99
Taygetis ypthima	1	NA	NA	NA	NA	NA	NA	99
Tegosa claudina	0	NA	NA	NA	NA	NA	NA	99
Teinopalpus imperialis	1	NA	NA	NA	NA	NA	NA	99
Telemiades amphion	0	NA	NA	NA	NA	NA	NA	99
Telicota augias	2	149.3768	277.344392070707	97.2212803039693	1	-1.31625084210584	0.01	99
Tellervo assarica	0	NA	NA	NA	NA	NA	NA	99
Tellervo zoilus	1	NA	NA	NA	NA	NA	NA	99
Temenis laothoe	1	NA	NA	NA	NA	NA	NA	99
Teniorhinus harona	0	NA	NA	NA	NA	NA	NA	99
Teniorhinus watsoni	0	NA	NA	NA	NA	NA	NA	99
Teracolus subfasciatus	0	NA	NA	NA	NA	NA	NA	99
Teratoneura isabellae	0	NA	NA	NA	NA	NA	NA	99
Teratozephyrus arisanus	1	NA	NA	NA	NA	NA	NA	99
Terenthina terentia	0	NA	NA	NA	NA	NA	NA	99
Terinos clarissa	0	NA	NA	NA	NA	NA	NA	99
Terinos terpander	1	NA	NA	NA	NA	NA	NA	99
Teriocolias zelia	0	NA	NA	NA	NA	NA	NA	99
Teriomima subpunctata	0	NA	NA	NA	NA	NA	NA	99
Texola elada	0	NA	NA	NA	NA	NA	NA	99
Thaduka multicaudata	1	NA	NA	NA	NA	NA	NA	99
Thaleropis ionia	1	NA	NA	NA	NA	NA	NA	99
Thamala marciana	0	NA	NA	NA	NA	NA	NA	99
Thauria aliris	0	NA	NA	NA	NA	NA	NA	99
Theagenes dichrous	0	NA	NA	NA	NA	NA	NA	99
Thecla betulae	2	222.297016	272.333589686869	99.1754392987396	6	-0.504525858828282	0.06	99
Theclinesthes miskini	3	235.691161333333	272.4444903367	80.6998681414565	19	-0.455432330309923	0.19	99
Theclopsis lydus	0	NA	NA	NA	NA	NA	NA	99
Theope publius	1	NA	NA	NA	NA	NA	NA	99
Theope terambus	0	NA	NA	NA	NA	NA	NA	99
Theope virgilius	2	231.571889	275.017175676768	97.6352929227845	10	-0.444975227463359	0.1	99
Thereus orasus	0	NA	NA	NA	NA	NA	NA	99
Theritas mavors	0	NA	NA	NA	NA	NA	NA	99
Theritas triquetra	0	NA	NA	NA	NA	NA	NA	99
Thespieus macareus	0	NA	NA	NA	NA	NA	NA	99
Thestor protumnus	0	NA	NA	NA	NA	NA	NA	99
Thisbe irenea	1	NA	NA	NA	NA	NA	NA	99
Thisbe lycorias	0	NA	NA	NA	NA	NA	NA	99
Thoressa varia	1	NA	NA	NA	NA	NA	NA	99
Thorybes bathyllus	1	NA	NA	NA	NA	NA	NA	99
Thorybes confusis	1	NA	NA	NA	NA	NA	NA	99
Thracides phidon	0	NA	NA	NA	NA	NA	NA	99
Thymelicus lineola	1	NA	NA	NA	NA	NA	NA	99
Thymelicus sylvestris	1	NA	NA	NA	NA	NA	NA	99
Thyridia psidii	1	NA	NA	NA	NA	NA	NA	99
Tigridia acesta	1	NA	NA	NA	NA	NA	NA	99
Timelaea albescens	1	NA	NA	NA	NA	NA	NA	99
Tirumala limniace	2	247.46915	259.084935212121	74.492995236635	40	-0.155931241255938	0.4	99
Tisiphone abeona	1	NA	NA	NA	NA	NA	NA	99
Tithorea tarricina	1	NA	NA	NA	NA	NA	NA	99
Tmolus echion	2	179.503234	275.99673020202	97.5537808504769	3	-0.989131280825683	0.03	99
Tomares ballus	1	NA	NA	NA	NA	NA	NA	99
Tongeia filicaudis	1	NA	NA	NA	NA	NA	NA	99
Tongeia fischeri	1	NA	NA	NA	NA	NA	NA	99
Torynesis mintha	1	NA	NA	NA	NA	NA	NA	99
Toxidia parvulus	1	NA	NA	NA	NA	NA	NA	99
Toxidia peron	3	215.34888	273.516446922559	74.4099683044288	2	-0.781717399536869	0.02	99
Trapezites petalia	1	NA	NA	NA	NA	NA	NA	99
Trapezites symmomus	1	NA	NA	NA	NA	NA	NA	99
Triclema nigeriae	1	NA	NA	NA	NA	NA	NA	99
Triclema rufoplagata	0	NA	NA	NA	NA	NA	NA	99
Trimenia argyroplaga	0	NA	NA	NA	NA	NA	NA	99
Triskelionia tricerata	0	NA	NA	NA	NA	NA	NA	99
Trogonoptera brookiana	1	NA	NA	NA	NA	NA	NA	99
Troides rhadamantus	1	NA	NA	NA	NA	NA	NA	99
Troides richmondia	0	NA	NA	NA	NA	NA	NA	99
Tsitana tsita	1	NA	NA	NA	NA	NA	NA	99
Turanana endymion	1	NA	NA	NA	NA	NA	NA	99
Tuxentius melaena	2	225.40335	271.489133575758	99.5147743337665	17	-0.463104939787018	0.17	99
Udara albocaeruleus	4	232.859686666667	262.917099234007	56.5131609071065	12	-0.531865712072749	0.12	99
Udara dilectus	1	NA	NA	NA	NA	NA	NA	99
Udaspes folus	2	271.51728	297.330099888889	126.597211857131	74	-0.203897222618295	0.74	99
Udranomia kikkawai	0	NA	NA	NA	NA	NA	NA	99
Udranomia orcinus	0	NA	NA	NA	NA	NA	NA	99
Unkana ambasa	2	271.51699	274.966536060606	98.0650192783679	72	-0.0351761115838274	0.72	99
Urbanus dorantes	1	NA	NA	NA	NA	NA	NA	99
Urbanus doryssus	0	NA	NA	NA	NA	NA	NA	99
Urbanus esmeraldus	0	NA	NA	NA	NA	NA	NA	99
Urbanus procne	1	NA	NA	NA	NA	NA	NA	99
Urbanus proteus	2	271.51699	267.405094939394	82.5899285506589	80	0.0497868824052065	0.8	99
Vagrans egista	2	247.468916	248.451707434343	26.4774373289959	37	-0.0371180723470981	0.37	99
Vanessa atalanta	2	146.93759	281.91332330303	112.122119732488	2	-1.20382787647138	0.02	99
Vanessa indica	4	195.848963166667	279.979414425926	69.3580597287607	1	-1.21298738154252	0.01	99
Vanessa tameamea	1	NA	NA	NA	NA	NA	NA	99
Vanessula milca	0	NA	NA	NA	NA	NA	NA	99
Vansomerenia rogersi	0	NA	NA	NA	NA	NA	NA	99
Veladyris pardalis	0	NA	NA	NA	NA	NA	NA	99
Venada nevada	1	NA	NA	NA	NA	NA	NA	99
Vertica verticalis	0	NA	NA	NA	NA	NA	NA	99
Vettius lafrenaye	0	NA	NA	NA	NA	NA	NA	99
Vindula arsinoe	1	NA	NA	NA	NA	NA	NA	99
Wagimo signata	1	NA	NA	NA	NA	NA	NA	99
Wallengrenia otho	1	NA	NA	NA	NA	NA	NA	99
Wallengrenia premnas	1	NA	NA	NA	NA	NA	NA	99
Xanthodisca vibius	1	NA	NA	NA	NA	NA	NA	99
Xanthotaenia busiris	0	NA	NA	NA	NA	NA	NA	99
Xeniades orchamus	0	NA	NA	NA	NA	NA	NA	99
Xenophanes tryxus	1	NA	NA	NA	NA	NA	NA	99
Xois sesara	0	NA	NA	NA	NA	NA	NA	99
Yamamotozephyrus kwangtungensis	0	NA	NA	NA	NA	NA	NA	99
Yanguna cosyra	1	NA	NA	NA	NA	NA	NA	99
Yoma sabina	1	NA	NA	NA	NA	NA	NA	99
Ypthima argus	1	NA	NA	NA	NA	NA	NA	99
Ypthimomorpha itonia	0	NA	NA	NA	NA	NA	NA	99
Yramea cytheris	0	NA	NA	NA	NA	NA	NA	99
Zaretis callidryas	0	NA	NA	NA	NA	NA	NA	99
Zaretis isidora	0	NA	NA	NA	NA	NA	NA	99
Zegris eupheme	1	NA	NA	NA	NA	NA	NA	99
Zela zeus	0	NA	NA	NA	NA	NA	NA	99
Zemeros flegyas	1	NA	NA	NA	NA	NA	NA	99
Zenonia zeno	1	NA	NA	NA	NA	NA	NA	99
Zerene cesonia	1	NA	NA	NA	NA	NA	NA	99
Zerynthia cerisyi	1	NA	NA	NA	NA	NA	NA	99
Zerynthia polyxena	1	NA	NA	NA	NA	NA	NA	99
Zesius chrysomallus	2	237.157423	276.497351737374	105.440075099049	23	-0.373102245046946	0.23	99
Zestusa dorus	1	NA	NA	NA	NA	NA	NA	99
Zethera pimplea	0	NA	NA	NA	NA	NA	NA	99
Ziegleria hesperitis	0	NA	NA	NA	NA	NA	NA	99
Zinaspa youngi	0	NA	NA	NA	NA	NA	NA	99
Zintha hintza	1	NA	NA	NA	NA	NA	NA	99
Zizeeria karsandra	4	233.20011	270.113429954545	62.1543645986457	9	-0.593897471125458	0.09	99
Zizeeria knysna	5	237.6743214	270.696592119192	54.597976164526	11	-0.604825911855823	0.11	99
Zizina otis	1	NA	NA	NA	NA	NA	NA	99
Zizula hylax	4	219.295880166667	272.33852673569	66.7134027642875	3	-0.795082312866494	0.03	99
Zographetus ogygia	0	NA	NA	NA	NA	NA	NA	99
Zophopetes cerymica	1	NA	NA	NA	NA	NA	NA	99
Zophopetes dysmephila	1	NA	NA	NA	NA	NA	NA	99
