"ntaxa"	"mpd.obs"	"mpd.rand.mean"	"mpd.rand.sd"	"mpd.obs.rank"	"mpd.obs.z"	"mpd.obs.p"	"runs"
"Abaeis nicippe"	1	NA	NA	NA	NA	NA	NA	99
"Abananote abana"	1	NA	NA	NA	NA	NA	NA	99
"Abantis tettensis"	1	NA	NA	NA	NA	NA	NA	99
"Abisara bifasciata"	1	NA	NA	NA	NA	NA	NA	99
"Abisara burnii"	1	NA	NA	NA	NA	NA	NA	99
"Abisara geza"	1	NA	NA	NA	NA	NA	NA	99
"Abisara kausambi"	1	NA	NA	NA	NA	NA	NA	99
"Abraximorpha davidii"	1	NA	NA	NA	NA	NA	NA	99
"Abrota ganga"	2	244.81141	265.115423676768	82.8033785245233	34	-0.245207551172014	0.34	99
"Acada biseriata"	1	NA	NA	NA	NA	NA	NA	99
"Achalarus casica"	2	247.46887	278.438662262626	105.256132128403	41	-0.294232664989493	0.41	99
"Achalarus lyciades"	2	247.46887	278.438662262626	105.256132128403	41	-0.294232664989493	0.41	99
"Achalarus toxeus"	1	NA	NA	NA	NA	NA	NA	99
"Achlyodes busirus"	1	NA	NA	NA	NA	NA	NA	99
"Achlyodes pallida"	1	NA	NA	NA	NA	NA	NA	99
"Acleros ploetzi"	1	NA	NA	NA	NA	NA	NA	99
"Acraea horta"	2	188.72416	277.916925989899	113.715597077575	4	-0.784349449698205	0.04	99
"Acrodipsas myrmecophila"	0	NA	NA	NA	NA	NA	NA	99
"Acrophtalmia artemis"	0	NA	NA	NA	NA	NA	NA	99
"Acrophtalmia leuce"	0	NA	NA	NA	NA	NA	NA	99
"Acytolepis puspa"	13	233.543882564103	270.90496869438	33.6474607883426	2	-1.11036866541861	0.02	99
"Adelpha mesentina"	1	NA	NA	NA	NA	NA	NA	99
"Adopaeoides prittwitzi"	1	NA	NA	NA	NA	NA	NA	99
"Aemona amathusia"	1	NA	NA	NA	NA	NA	NA	99
"Aeria eurimedia"	1	NA	NA	NA	NA	NA	NA	99
"Aeromachus stigmata"	1	NA	NA	NA	NA	NA	NA	99
"Aeropetes tulbaghia"	1	NA	NA	NA	NA	NA	NA	99
"Aethiopana honorius"	0	NA	NA	NA	NA	NA	NA	99
"Afarsia morgiana"	1	NA	NA	NA	NA	NA	NA	99
"Afrodryas leda"	2	208.517028	266.829216525253	83.1706050734774	5	-0.70111535768841	0.05	99
"Agatasa calydonia"	1	NA	NA	NA	NA	NA	NA	99
"Agathymus aryxna"	1	NA	NA	NA	NA	NA	NA	99
"Agathymus mariae"	1	NA	NA	NA	NA	NA	NA	99
"Aglais io"	4	176.231916666667	269.889636646465	61.5974067899629	1	-1.52048154071089	0.01	99
"Aglais urticae"	3	180.928426666667	274.359642154882	78.4888774914421	2	-1.19037522862271	0.02	99
"Agraulis vanillae"	1	NA	NA	NA	NA	NA	NA	99
"Agriades optilete"	1	NA	NA	NA	NA	NA	NA	99
"Aguna asander"	2	247.46924	254.614988989899	65.6486793450819	49	-0.10884832811849	0.49	99
"Aguna claxon"	1	NA	NA	NA	NA	NA	NA	99
"Aguna metophis"	1	NA	NA	NA	NA	NA	NA	99
"Ahmetia achaja"	1	NA	NA	NA	NA	NA	NA	99
"Aides duma"	1	NA	NA	NA	NA	NA	NA	99
"Alaena amazoula"	1	NA	NA	NA	NA	NA	NA	99
"Alenia namaqua"	1	NA	NA	NA	NA	NA	NA	99
"Allora major"	1	NA	NA	NA	NA	NA	NA	99
"Allotinus fallax"	0	NA	NA	NA	NA	NA	NA	99
"Allotinus unicolor"	0	NA	NA	NA	NA	NA	NA	99
"Aloeides pierus"	1	NA	NA	NA	NA	NA	NA	99
"Alpherakya sarta"	2	244.81116	275.680641676768	97.5163502552269	28	-0.316556983479938	0.28	99
"Altinote neleus"	1	NA	NA	NA	NA	NA	NA	99
"Altinote tenebrosa"	1	NA	NA	NA	NA	NA	NA	99
"Altopedaliodes tena"	1	NA	NA	NA	NA	NA	NA	99
"Amathusia phidippus"	2	196.4188	271.250794464647	90.2554030186714	5	-0.82911373681602	0.05	99
"Amauris niavius"	2	179.50281	270.609995272727	80.6133545603313	1	-1.13017484224084	0.01	99
"Amblopala avidiena"	1	NA	NA	NA	NA	NA	NA	99
"Amblypodia narada"	2	247.469563	295.46429120202	128.155076077372	47	-0.374505089233016	0.47	99
"Amblyscirtes eos"	2	271.516773	261.210649747475	73.1874316917324	73	0.14081821173798	0.73	99
"Amblyscirtes simius"	1	NA	NA	NA	NA	NA	NA	99
"Amnosia decora"	1	NA	NA	NA	NA	NA	NA	99
"Ampittia dioscorides"	1	NA	NA	NA	NA	NA	NA	99
"Ampittia virgata"	1	NA	NA	NA	NA	NA	NA	99
"Anaea troglodyta"	2	247.468919	277.207008969697	107.160911282724	36	-0.277508744688056	0.36	99
"Anartia jatrophae"	6	161.944201133333	264.823030323232	44.1649503376945	1	-2.32942250366559	0.01	99
"Anastrus sempiternus"	2	193.27858	292.981633707071	121.68094658052	2	-0.819380983703099	0.02	99
"Anatrytone logan"	1	NA	NA	NA	NA	NA	NA	99
"Ancema ctesia"	1	NA	NA	NA	NA	NA	NA	99
"Ancistroides gemmifer"	1	NA	NA	NA	NA	NA	NA	99
"Ancyloxypha numitor"	1	NA	NA	NA	NA	NA	NA	99
"Andronymus neander"	1	NA	NA	NA	NA	NA	NA	99
"Anetia briarea"	2	224.681623	264.159135292929	71.4624057333311	4	-0.552423499990239	0.04	99
"Anetia thirza"	1	NA	NA	NA	NA	NA	NA	99
"Anisynta cynone"	1	NA	NA	NA	NA	NA	NA	99
"Anisynta dominula"	1	NA	NA	NA	NA	NA	NA	99
"Anisynta tillyardi"	1	NA	NA	NA	NA	NA	NA	99
"Ankola fan"	1	NA	NA	NA	NA	NA	NA	99
"Antanartia delius"	1	NA	NA	NA	NA	NA	NA	99
"Anteos maerula"	1	NA	NA	NA	NA	NA	NA	99
"Anteros formosus"	2	184.52865	272.778234565657	91.0233539092108	2	-0.969526838724039	0.02	99
"Anthanassa texana"	2	208.31719	278.246414878788	105.685706139841	5	-0.661671548906139	0.05	99
"Anthene larydas"	2	231.571975	274.612050626263	98.0089156847151	10	-0.439144493391992	0.1	99
"Anthocharis belia"	1	NA	NA	NA	NA	NA	NA	99
"Anthocharis cardamines"	2	118.9514	285.825634171717	118.877497496454	3	-1.40374955467661	0.03	99
"Anthoptus epictetus"	1	NA	NA	NA	NA	NA	NA	99
"Antigius attilia"	1	NA	NA	NA	NA	NA	NA	99
"Antillea pelops"	1	NA	NA	NA	NA	NA	NA	99
"Antipodia atralba"	1	NA	NA	NA	NA	NA	NA	99
"Antipodia chaostola"	1	NA	NA	NA	NA	NA	NA	99
"Antirrhea philaretes"	1	NA	NA	NA	NA	NA	NA	99
"Apallaga opalinus"	1	NA	NA	NA	NA	NA	NA	99
"Apatura metis"	1	NA	NA	NA	NA	NA	NA	99
"Apaturina erminia"	1	NA	NA	NA	NA	NA	NA	99
"Apaturopsis cleochares"	1	NA	NA	NA	NA	NA	NA	99
"Aphantopus hyperantus"	2	187.64298	269.285195787879	91.1899814759485	4	-0.895298085014	0.04	99
"Aphnaeus orcas"	9	237.041291	268.526936888328	40.5668492240819	9	-0.776142256313974	0.09	99
"Aphrissa boisduvalii"	1	NA	NA	NA	NA	NA	NA	99
"Aphrissa statira"	3	240.588161333333	275.460572006734	78.6059137930672	20	-0.443635968219942	0.2	99
"Aphysoneura pigmentaria"	1	NA	NA	NA	NA	NA	NA	99
"Apodemia chisosensis"	1	NA	NA	NA	NA	NA	NA	99
"Apodemia duryi"	1	NA	NA	NA	NA	NA	NA	99
"Apodemia hepburni"	1	NA	NA	NA	NA	NA	NA	99
"Apodemia mormo"	1	NA	NA	NA	NA	NA	NA	99
"Apodemia murphyi"	1	NA	NA	NA	NA	NA	NA	99
"Apodemia palmerii"	1	NA	NA	NA	NA	NA	NA	99
"Aponarope sutor"	1	NA	NA	NA	NA	NA	NA	99
"Aporia agathon"	1	NA	NA	NA	NA	NA	NA	99
"Aporia crataegi"	1	NA	NA	NA	NA	NA	NA	99
"Apostictopterus fuliginosus"	1	NA	NA	NA	NA	NA	NA	99
"Appias lasti"	3	224.200437333333	269.412622518519	74.7473671559391	6	-0.604866591365859	0.06	99
"Appias libythea"	3	168.493545333333	272.812884552189	78.8398937799786	1	-1.32317960130671	0.01	99
"Appias paulina"	2	237.15834	271.513472232323	85.3120850439808	18	-0.402699479383398	0.18	99
"Apyrrothrix araxes"	1	NA	NA	NA	NA	NA	NA	99
"Araotes lapithis"	1	NA	NA	NA	NA	NA	NA	99
"Araragi enthea"	2	195.75913	275.365702878788	97.9215510918882	5	-0.812962744065259	0.05	99
"Araschnia levana"	1	NA	NA	NA	NA	NA	NA	99
"Arawacus aetolus"	2	247.46944	258.943345242424	90.0020155108978	56	-0.127484981056173	0.56	99
"Arcas imperialis"	3	266.350425333333	279.628392289562	85.3779031469219	82	-0.155519946810824	0.82	99
"Archaeoprepona demophon"	5	249.4893054	269.837616844444	56.6120323456033	40	-0.359434392325341	0.4	99
"Archaeoprepona meander"	1	NA	NA	NA	NA	NA	NA	99
"Archon apollinus"	1	NA	NA	NA	NA	NA	NA	99
"Archonias brassolis"	2	247.469203	265.020995787879	82.7252318493332	47	-0.21216976242322	0.47	99
"Arethusana arethusa"	1	NA	NA	NA	NA	NA	NA	99
"Argon lota"	1	NA	NA	NA	NA	NA	NA	99
"Argynnina cyrila"	1	NA	NA	NA	NA	NA	NA	99
"Argynnis aglaja"	2	247.469126	283.547377111111	111.207228953766	36	-0.324423613919116	0.36	99
"Argynnis anadyomene"	1	NA	NA	NA	NA	NA	NA	99
"Argynnis hyperbius"	1	NA	NA	NA	NA	NA	NA	99
"Argynnis laodice"	2	231.572226	287.157438080808	117.572664839854	10	-0.472773260319659	0.1	99
"Argynnis nerippe"	1	NA	NA	NA	NA	NA	NA	99
"Argynnis paphia"	2	231.572226	287.157438080808	117.572664839854	10	-0.472773260319659	0.1	99
"Argynnis sagana"	1	NA	NA	NA	NA	NA	NA	99
"Argyraspodes argyraspis"	0	NA	NA	NA	NA	NA	NA	99
"Argyrophorus argenteus"	1	NA	NA	NA	NA	NA	NA	99
"Arhopala bazalus"	1	NA	NA	NA	NA	NA	NA	99
"Arhopala muta"	1	NA	NA	NA	NA	NA	NA	99
"Arhopala thamyras"	1	NA	NA	NA	NA	NA	NA	99
"Ariadne ariadne"	1	NA	NA	NA	NA	NA	NA	99
"Aricia agestis"	4	239.5575315	274.292943964646	65.6463800111911	18	-0.529129137946753	0.18	99
"Arita arita"	1	NA	NA	NA	NA	NA	NA	99
"Aroma aroma"	1	NA	NA	NA	NA	NA	NA	99
"Arotis derasa"	1	NA	NA	NA	NA	NA	NA	99
"Arrhenes dschilus"	1	NA	NA	NA	NA	NA	NA	99
"Arrhenes marnas"	1	NA	NA	NA	NA	NA	NA	99
"Arteurotia tractipennis"	1	NA	NA	NA	NA	NA	NA	99
"Artipe eryx"	2	247.469313	260.362971676768	73.6070480041634	52	-0.175168805520341	0.52	99
"Artitropa comus"	1	NA	NA	NA	NA	NA	NA	99
"Artitropa erinnys"	1	NA	NA	NA	NA	NA	NA	99
"Artopoetes pryeri"	1	NA	NA	NA	NA	NA	NA	99
"Asbolis capucinus"	1	NA	NA	NA	NA	NA	NA	99
"Ascia monuste"	7	163.104346095238	273.227959004329	48.5895671592327	1	-2.26640448448954	0.01	99
"Aslauga marshalli"	0	NA	NA	NA	NA	NA	NA	99
"Aspitha aspitha"	1	NA	NA	NA	NA	NA	NA	99
"Asterocampa celtis"	1	NA	NA	NA	NA	NA	NA	99
"Asterope markii"	1	NA	NA	NA	NA	NA	NA	99
"Astictopterus jama"	2	213.46856	252.24639859596	45.5547930480094	7	-0.851235095176317	0.07	99
"Astraptes alector"	1	NA	NA	NA	NA	NA	NA	99
"Astraptes anaphus"	1	NA	NA	NA	NA	NA	NA	99
"Astraptes enotrus"	1	NA	NA	NA	NA	NA	NA	99
"Astraptes talus"	3	210.871048	278.362041690236	80.7100934977986	2	-0.836215035385587	0.02	99
"Atalopedes campestris"	1	NA	NA	NA	NA	NA	NA	99
"Atarnes sallei"	1	NA	NA	NA	NA	NA	NA	99
"Aterica rabena"	1	NA	NA	NA	NA	NA	NA	99
"Athyma perius"	2	189.82324	265.429483141414	82.0834162893112	5	-0.921090356119346	0.05	99
"Atlantea perezi"	1	NA	NA	NA	NA	NA	NA	99
"Atlides halesus"	2	162.945367	262.219473757576	73.6398371585795	3	-1.34810329012263	0.03	99
"Atrophaneura alcinous"	2	271.825562	284.041351050505	110.68589403078	91	-0.11036446113999	0.91	99
"Atrophaneura coon"	2	271.825418	270.451948838384	100.050328959098	93	0.0137277825660891	0.93	99
"Atrophaneura neptunus"	2	271.397015	271.855108	89.7914015489224	60	-0.00510174684989665	0.6	99
"Atrophaneura semperi"	1	NA	NA	NA	NA	NA	NA	99
"Atrytone arogos"	1	NA	NA	NA	NA	NA	NA	99
"Atrytonopsis hianna"	1	NA	NA	NA	NA	NA	NA	99
"Aubergina alda"	1	NA	NA	NA	NA	NA	NA	99
"Augiades crinisus"	1	NA	NA	NA	NA	NA	NA	99
"Autochton cellus"	1	NA	NA	NA	NA	NA	NA	99
"Axiocerses harpax"	2	247.46938	267.565912424242	81.6134340365062	51	-0.246240495348512	0.51	99
"Azanus mirza"	2	237.158162	271.399559656566	89.9071363113721	21	-0.380852945176439	0.21	99
"Azanus natalensis"	1	NA	NA	NA	NA	NA	NA	99
"Azanus ubaldus"	1	NA	NA	NA	NA	NA	NA	99
"Badamia exclamationis"	4	225.596324	281.144109880471	77.3180103292705	9	-0.718432686561807	0.09	99
"Baliochila barnesi"	0	NA	NA	NA	NA	NA	NA	99
"Baoris farri"	1	NA	NA	NA	NA	NA	NA	99
"Baoris oceia"	1	NA	NA	NA	NA	NA	NA	99
"Baracus vittatus"	1	NA	NA	NA	NA	NA	NA	99
"Baronia brevicornis"	1	NA	NA	NA	NA	NA	NA	99
"Batesia hypochlora"	1	NA	NA	NA	NA	NA	NA	99
"Battus belus"	1	NA	NA	NA	NA	NA	NA	99
"Battus polydamas"	1	NA	NA	NA	NA	NA	NA	99
"Bebearia sophus"	2	224.681982	264.210922434343	74.205301599586	5	-0.532696985016553	0.05	99
"Belenois calypso"	2	237.158201	272.703566707071	99.7848745298392	17	-0.356219976970972	0.17	99
"Belenois creona"	3	234.484927333333	282.594166565657	89.0248926940251	11	-0.540402103012612	0.11	99
"Belenois java"	1	NA	NA	NA	NA	NA	NA	99
"Belenois subeida"	1	NA	NA	NA	NA	NA	NA	99
"Berberia abdelkader"	1	NA	NA	NA	NA	NA	NA	99
"Bhagadatta austenia"	2	271.825245	273.863562515152	89.3593326322566	94	-0.0228103484561586	0.94	99
"Bhutanitis mansfieldi"	1	NA	NA	NA	NA	NA	NA	99
"Bhutanitis thaidina"	1	NA	NA	NA	NA	NA	NA	99
"Bia actorion"	1	NA	NA	NA	NA	NA	NA	99
"Bibasis sena"	3	244.032138666667	276.820212740741	82.5586080490738	34	-0.397149065965168	0.34	99
"Biblis hyperia"	2	231.572149	256.887793121212	63.7820616167072	14.5	-0.396908526935744	0.145	99
"Bicyclus anynana"	1	NA	NA	NA	NA	NA	NA	99
"Bindahara phocides"	3	242.1698	275.486986397306	79.5349517502846	19	-0.418899938506434	0.19	99
"Boloria pales"	3	236.140604	269.322610309764	70.1836561346759	18	-0.472788226451058	0.18	99
"Borbo borbonica"	1	NA	NA	NA	NA	NA	NA	99
"Borbo cinnara"	1	NA	NA	NA	NA	NA	NA	99
"Brassolis sophorae"	3	169.786186666667	275.796987616162	83.3488346330897	1	-1.27189301945451	0.01	99
"Brenthis daphne"	2	231.572226	287.157438080808	117.572664839854	10	-0.472773260319659	0.1	99
"Brenthis ino"	5	230.2812996	280.510259341414	60.5020331411255	4	-0.830202840031034	0.04	99
"Brephidium exilis"	3	218.39968	271.634668747475	73.6146561493613	4	-0.723157473417563	0.04	99
"Brevioleria arzalia"	1	NA	NA	NA	NA	NA	NA	99
"Brintesia circe"	2	187.64298	269.285195787879	91.1899814759485	4	-0.895298085014	0.04	99
"Bungalotis astylos"	1	NA	NA	NA	NA	NA	NA	99
"Bungalotis erythus"	1	NA	NA	NA	NA	NA	NA	99
"Burara harisa"	3	252.172473333333	270.49370443771	69.7729812003715	40	-0.262583464102857	0.4	99
"Burara oedipodea"	2	237.158208	273.024171242424	99.7331551172865	23	-0.359619258011499	0.23	99
"Burmaozephyrus kothayaungi"	1	NA	NA	NA	NA	NA	NA	99
"Butleria flavomaculatus"	1	NA	NA	NA	NA	NA	NA	99
"Byblia anvatara"	2	247.468941	259.040905050505	75.199202552069	43	-0.153884132514469	0.43	99
"Byblia ilithyia"	1	NA	NA	NA	NA	NA	NA	99
"Cabares potrillo"	1	NA	NA	NA	NA	NA	NA	99
"Cacyreus lingeus"	2	247.46917	270.845660343434	90.9269540220819	47	-0.257090876900565	0.47	99
"Caenides dacela"	1	NA	NA	NA	NA	NA	NA	99
"Calephelis nemesis"	2	263.36209	280.648700010101	112.241185255595	60	-0.154013074351773	0.6	99
"Calephelis perditalis"	1	NA	NA	NA	NA	NA	NA	99
"Calephelis virginiensis"	1	NA	NA	NA	NA	NA	NA	99
"Caleta caleta"	1	NA	NA	NA	NA	NA	NA	99
"Caligo eurilochus"	5	144.930142	270.773808721212	57.7255389099947	1	-2.18003450634609	0.01	99
"Calinaga buddha"	1	NA	NA	NA	NA	NA	NA	99
"Calleagris jamesoni"	1	NA	NA	NA	NA	NA	NA	99
"Callerebia annada"	1	NA	NA	NA	NA	NA	NA	99
"Callicore astarte"	1	NA	NA	NA	NA	NA	NA	99
"Callithomia lenea"	1	NA	NA	NA	NA	NA	NA	99
"Callophrys rubi"	9	232.8048495	274.989499791246	44.6828290490492	1	-0.944090855235216	0.01	99
"Calpodes ethlius"	4	99.210095	276.729495565657	73.1310679421534	1	-2.4274143064077	0.01	99
"Caltoris cormasa"	1	NA	NA	NA	NA	NA	NA	99
"Calycopis cecrops"	5	229.0363178	266.359322438384	52.783194808383	5	-0.707100143783949	0.05	99
"Calydna sturnula"	1	NA	NA	NA	NA	NA	NA	99
"Candalides xanthospilos"	1	NA	NA	NA	NA	NA	NA	99
"Caprona pillaana"	1	NA	NA	NA	NA	NA	NA	99
"Capronnieria galesus"	1	NA	NA	NA	NA	NA	NA	99
"Capys alpheus"	1	NA	NA	NA	NA	NA	NA	99
"Carcharodus alceae"	2	237.158012	260.274771343434	60.658349516919	13	-0.381097730609807	0.13	99
"Carcharodus lavatherae"	1	NA	NA	NA	NA	NA	NA	99
"Caria ino"	2	271.51741	275.963611313131	105.839978741769	88	-0.0420087132101492	0.88	99
"Caria mantinea"	1	NA	NA	NA	NA	NA	NA	99
"Carrhenes canescens"	1	NA	NA	NA	NA	NA	NA	99
"Carterocephalus palaemon"	1	NA	NA	NA	NA	NA	NA	99
"Carystus phorcus"	1	NA	NA	NA	NA	NA	NA	99
"Cassionympha cassius"	2	187.64298	252.635361878788	48.0119205163266	4	-1.35367177942168	0.04	99
"Castalius rosimon"	1	NA	NA	NA	NA	NA	NA	99
"Catacroptera cloanthe"	2	174.33691	261.411704585859	60.4577780116404	2	-1.44025793619298	0.02	99
"Catapaecilma elegans"	2	237.157773	274.344266646465	99.5499333380469	13	-0.37354614312185	0.13	99
"Catapaecilma major"	8	226.456955535714	272.961973827922	49.362803446177	1	-0.942106506226186	0.01	99
"Catasticta nimbice"	1	NA	NA	NA	NA	NA	NA	99
"Catochrysops strabo"	2	237.158162	271.399559656566	89.9071363113721	21	-0.380852945176439	0.21	99
"Catonephele numilia"	3	260.262445333333	266.556445319865	65.9203676558127	62	-0.0954788362133328	0.62	99
"Catopsilia scylla"	1	NA	NA	NA	NA	NA	NA	99
"Catopyrops ancyra"	5	219.2393418	261.451256824242	45.8402061480347	2	-0.920849153424937	0.02	99
"Celaenorrhinus aurivittata"	1	NA	NA	NA	NA	NA	NA	99
"Celaenorrhinus leucocera"	1	NA	NA	NA	NA	NA	NA	99
"Celaenorrhinus patula"	1	NA	NA	NA	NA	NA	NA	99
"Celastrina argiolus"	9	227.988088888889	271.094452781706	41.5112783595569	2	-1.0384253532123	0.02	99
"Celotes nessus"	1	NA	NA	NA	NA	NA	NA	99
"Cephrenes augiades"	1	NA	NA	NA	NA	NA	NA	99
"Cepora nerissa"	2	208.516918	274.36198979798	99.9415546228401	5	-0.65883577703455	0.05	99
"Ceratinia neso"	1	NA	NA	NA	NA	NA	NA	99
"Ceratrichia phocion"	1	NA	NA	NA	NA	NA	NA	99
"Cerautola ceraunia"	0	NA	NA	NA	NA	NA	NA	99
"Cercyonis oetus"	1	NA	NA	NA	NA	NA	NA	99
"Cercyonis pegala"	3	240.114936	265.588869838384	66.0773385984324	20	-0.385516946939933	0.2	99
"Cethosia biblis"	1	NA	NA	NA	NA	NA	NA	99
"Cethosia cydippe"	2	247.469446	281.705581030303	103.402171877338	48	-0.331096865846454	0.48	99
"Chaetocneme critomedia"	5	259.3427698	278.051243824242	63.1304149288992	70	-0.296346444820819	0.7	99
"Chaetoprocta odata"	1	NA	NA	NA	NA	NA	NA	99
"Chalinga elwesi"	1	NA	NA	NA	NA	NA	NA	99
"Chalodeta lypera"	2	237.158219	280.56004820202	105.479574770776	13	-0.411471408529466	0.13	99
"Chalybs janias"	2	247.46895	269.530447646465	91.0324508899558	39	-0.242347618138213	0.39	99
"Charana mandarinus"	1	NA	NA	NA	NA	NA	NA	99
"Charaxes bernardus"	5	247.430905	269.713913418182	53.6355906292017	31	-0.415451907153045	0.31	99
"Charaxes brutus"	4	214.467745	273.404886260943	67.9366530653982	3	-0.867530833528225	0.03	99
"Charaxes contrarius"	1	NA	NA	NA	NA	NA	NA	99
"Charaxes jasius"	10	243.815710844444	264.719788554658	35.7832032011189	15	-0.584186876527578	0.15	99
"Charaxes varanes"	2	159.835279	278.827398030303	106.315297544707	5	-1.11923798153568	0.05	99
"Charaxes zoolina"	1	NA	NA	NA	NA	NA	NA	99
"Charis anius"	1	NA	NA	NA	NA	NA	NA	99
"Chazara briseis"	1	NA	NA	NA	NA	NA	NA	99
"Cheritra freja"	7	252.256934380952	271.582708564695	48.4481175076323	44	-0.398896286954756	0.44	99
"Chersonesia rahria"	1	NA	NA	NA	NA	NA	NA	99
"Chilades lajus"	3	227.324608666667	262.12124423569	60.7679761547177	6	-0.572614685742207	0.06	99
"Chillanella stelligera"	1	NA	NA	NA	NA	NA	NA	99
"Chioides albofasciatus"	1	NA	NA	NA	NA	NA	NA	99
"Chioides catillus"	1	NA	NA	NA	NA	NA	NA	99
"Chiomara asychis"	3	242.170083333333	271.122493239057	74.569550518049	26	-0.388260485742316	0.26	99
"Chiomara georgina"	1	NA	NA	NA	NA	NA	NA	99
"Chiomara mithrax"	1	NA	NA	NA	NA	NA	NA	99
"Chitoria chrysolora"	1	NA	NA	NA	NA	NA	NA	99
"Chloreuptychia arnaca"	1	NA	NA	NA	NA	NA	NA	99
"Chloroselas esmeralda"	1	NA	NA	NA	NA	NA	NA	99
"Chloroselas pseudozeritis"	1	NA	NA	NA	NA	NA	NA	99
"Chlorostrymon simaethis"	6	241.294840666667	273.188047083502	53.856993257715	17	-0.592183196418347	0.17	99
"Chlosyne janais"	1	NA	NA	NA	NA	NA	NA	99
"Choaspes benjaminii"	1	NA	NA	NA	NA	NA	NA	99
"Chondrolepis niveicornis"	1	NA	NA	NA	NA	NA	NA	99
"Choranthus haitensis"	1	NA	NA	NA	NA	NA	NA	99
"Choranthus radians"	1	NA	NA	NA	NA	NA	NA	99
"Chorinea licursis"	1	NA	NA	NA	NA	NA	NA	99
"Chrysoplectrum perniciosus"	1	NA	NA	NA	NA	NA	NA	99
"Chrysoplectrum pervivax"	1	NA	NA	NA	NA	NA	NA	99
"Chrysoritis oreas"	1	NA	NA	NA	NA	NA	NA	99
"Chrysozephyrus ataxus"	1	NA	NA	NA	NA	NA	NA	99
"Chrysozephyrus smaragdina"	2	222.29704	281.849188030303	112.289474663737	6	-0.530344880574411	0.06	99
"Cigaritis takanonis"	0	NA	NA	NA	NA	NA	NA	99
"Cigaritis zohra"	2	237.157303	282.214764575758	103.537275070223	10	-0.435181064454304	0.1	99
"Cirrochroa aoris"	1	NA	NA	NA	NA	NA	NA	99
"Cirrochroa orissa"	1	NA	NA	NA	NA	NA	NA	99
"Cissia confusa"	6	200.996044	269.904861707071	52.184572035572	1	-1.32048256829813	0.01	99
"Cissia labe"	2	213.46789	258.148933737374	58.7506971192658	3	-0.760519379824035	0.03	99
"Cissia myncea"	1	NA	NA	NA	NA	NA	NA	99
"Cissia palladia"	2	187.64298	269.285195787879	91.1899814759485	4	-0.895298085014	0.04	99
"Cissia penelope"	2	187.64298	269.285195787879	91.1899814759485	4	-0.895298085014	0.04	99
"Citrinophila erastus"	0	NA	NA	NA	NA	NA	NA	99
"Cobalus calvina"	1	NA	NA	NA	NA	NA	NA	99
"Codatractus alcaeus"	1	NA	NA	NA	NA	NA	NA	99
"Codatractus arizonensis"	1	NA	NA	NA	NA	NA	NA	99
"Codatractus valeriana"	1	NA	NA	NA	NA	NA	NA	99
"Coeliades forestan"	7	233.138138	265.139272773449	41.6960117780499	3	-0.767486706973141	0.03	99
"Coeliades ramanatek"	2	237.158592	281.738856424242	113.362504980556	18	-0.393254051962673	0.18	99
"Coelites nothis"	1	NA	NA	NA	NA	NA	NA	99
"Coenonympha pamphilus"	1	NA	NA	NA	NA	NA	NA	99
"Coenyra hebe"	1	NA	NA	NA	NA	NA	NA	99
"Cogia calchas"	1	NA	NA	NA	NA	NA	NA	99
"Cogia hippalus"	1	NA	NA	NA	NA	NA	NA	99
"Colias croceus"	1	NA	NA	NA	NA	NA	NA	99
"Colias hyale"	1	NA	NA	NA	NA	NA	NA	99
"Colobura dirce"	4	234.4656265	281.659446259259	73.0204909087932	8	-0.646309264316054	0.08	99
"Colotis amata"	3	183.435345333333	265.937022929293	66.5246900224422	1	-1.24016628364788	0.01	99
"Colotis evagore"	1	NA	NA	NA	NA	NA	NA	99
"Conga chydaea"	1	NA	NA	NA	NA	NA	NA	99
"Consul fabius"	1	NA	NA	NA	NA	NA	NA	99
"Copaeodes aurantiaca"	1	NA	NA	NA	NA	NA	NA	99
"Corades medeba"	1	NA	NA	NA	NA	NA	NA	99
"Coreana raphaelis"	2	247.46908	284.617639626263	118.986263107292	41.5	-0.312208810127645	0.415	99
"Coreana stygiana"	1	NA	NA	NA	NA	NA	NA	99
"Corticea corticea"	1	NA	NA	NA	NA	NA	NA	99
"Creon cleobis"	1	NA	NA	NA	NA	NA	NA	99
"Creonpyge creon"	1	NA	NA	NA	NA	NA	NA	99
"Cressida cressida"	1	NA	NA	NA	NA	NA	NA	99
"Croitana croites"	1	NA	NA	NA	NA	NA	NA	99
"Croniades pieria"	1	NA	NA	NA	NA	NA	NA	99
"Crudaria leroma"	1	NA	NA	NA	NA	NA	NA	99
"Cunizza hirlanda"	1	NA	NA	NA	NA	NA	NA	99
"Cupha erymanthis"	4	218.621495	268.168131989899	58.269181116076	5	-0.850306045852933	0.05	99
"Cupido comyntas"	1	NA	NA	NA	NA	NA	NA	99
"Cupido moorei"	3	142.04114	288.238556956229	95.811121479465	1	-1.525891928815	0.01	99
"Cupidopsis cissus"	1	NA	NA	NA	NA	NA	NA	99
"Cupidopsis jobates"	1	NA	NA	NA	NA	NA	NA	99
"Cupitha purreea"	2	247.469163	278.833059646465	105.327256877383	41	-0.297775690512637	0.41	99
"Curetis bulis"	2	237.158172	276.613141030303	97.2588927832669	18	-0.405669526983256	0.18	99
"Curetis saronis"	1	NA	NA	NA	NA	NA	NA	99
"Curetis tagalica"	1	NA	NA	NA	NA	NA	NA	99
"Cyaniris semiargus"	1	NA	NA	NA	NA	NA	NA	99
"Cybdelis phaesyla"	1	NA	NA	NA	NA	NA	NA	99
"Cyclargus ammon"	4	228.817178333333	268.280980713805	58.7830939866157	7	-0.671346125289984	0.07	99
"Cyclargus thomasi"	2	237.158162	271.399559656566	89.9071363113721	21	-0.380852945176439	0.21	99
"Cycloglypha thrasibulus"	2	271.825172	268.481859131313	90.971525699315	91	0.0367512014664607	0.91	99
"Cyclyrius webbianus"	1	NA	NA	NA	NA	NA	NA	99
"Cyllopsis pyracmon"	1	NA	NA	NA	NA	NA	NA	99
"Cymothoe lurida"	3	185.816573333333	273.009020208754	74.827827232129	3	-1.16524092841738	0.03	99
"Cynandra opis"	1	NA	NA	NA	NA	NA	NA	99
"Cynea cynea"	1	NA	NA	NA	NA	NA	NA	99
"Cyrestis acilia"	1	NA	NA	NA	NA	NA	NA	99
"Cyrestis nivea"	1	NA	NA	NA	NA	NA	NA	99
"Dachetola azora"	1	NA	NA	NA	NA	NA	NA	99
"Daedalma dinias"	1	NA	NA	NA	NA	NA	NA	99
"Daimio tethys"	3	246.264197333333	271.567936424242	74.1429850191474	42	-0.341282982933239	0.42	99
"Danaus chrysippus"	1	NA	NA	NA	NA	NA	NA	99
"Danaus eresimus"	2	126.8333	268.878286020202	81.1646980133629	1	-1.75008334284464	0.01	99
"Danaus erippus"	1	NA	NA	NA	NA	NA	NA	99
"Danaus gilippus"	1	NA	NA	NA	NA	NA	NA	99
"Danaus melanippus"	4	222.229963666667	272.779886040404	64.5056841741189	6	-0.783650666153528	0.06	99
"Danaus plexippus"	1	NA	NA	NA	NA	NA	NA	99
"Danis danis"	3	229.515106	261.500068222222	55.6264634566218	12	-0.574995429058051	0.12	99
"Dapidodigma demeter"	3	222.786344	261.681982457912	54.9932381097059	6	-0.707280382004777	0.06	99
"Darpa pteria"	1	NA	NA	NA	NA	NA	NA	99
"Dasyophthalma rusina"	2	213.46789	258.148933737374	58.7506971192658	3	-0.760519379824035	0.03	99
"Davidina armandi"	1	NA	NA	NA	NA	NA	NA	99
"Decinea decinea"	1	NA	NA	NA	NA	NA	NA	99
"Delias descombesi"	1	NA	NA	NA	NA	NA	NA	99
"Delias henningia"	1	NA	NA	NA	NA	NA	NA	99
"Delias pasithoe"	2	162.945367	262.219473757576	73.6398371585795	3	-1.34810329012263	0.03	99
"Deloneura ochrascens"	0	NA	NA	NA	NA	NA	NA	99
"Dercas verhuelli"	1	NA	NA	NA	NA	NA	NA	99
"Detritivora gynaea"	2	271.5169	289.405179464646	116.272199073239	61	-0.153848293979361	0.61	99
"Deudorix antalus"	7	225.00105047619	282.919912047138	57.0327944865358	1	-1.01553609800097	0.01	99
"Deudorix epijarbas"	5	230.1541348	263.201848262626	44.2842515748028	4	-0.746263339390612	0.04	99
"Diaethria anna"	1	NA	NA	NA	NA	NA	NA	99
"Diaethria clymena"	2	237.158383	260.465544212121	88.7074257128394	24	-0.262741940991168	0.24	99
"Dianesia carteri"	2	225.40331	276.285726191919	97.3927775829742	7.5	-0.522445477525987	0.075	99
"Dichorragia nesimachus"	1	NA	NA	NA	NA	NA	NA	99
"Dilipa morgiana"	1	NA	NA	NA	NA	NA	NA	99
"Dingana dingana"	2	271.517039	253.250971828283	46.4864090088432	83	0.392933495212383	0.83	99
"Dione juno"	1	NA	NA	NA	NA	NA	NA	99
"Dira clytus"	1	NA	NA	NA	NA	NA	NA	99
"Dircenna jemina"	1	NA	NA	NA	NA	NA	NA	99
"Discolampa ethion"	1	NA	NA	NA	NA	NA	NA	99
"Discophora celinde"	2	213.46789	258.148933737374	58.7506971192658	3	-0.760519379824035	0.03	99
"Dismorphia theucharila"	1	NA	NA	NA	NA	NA	NA	99
"Dispar compacta"	3	215.348813333333	266.638220047138	71.8399356827183	5	-0.713940042211687	0.05	99
"Dixeia charina"	1	NA	NA	NA	NA	NA	NA	99
"Dixeia doxo"	1	NA	NA	NA	NA	NA	NA	99
"Dodona deodata"	1	NA	NA	NA	NA	NA	NA	99
"Doleschallia bisaltide"	3	207.210613333333	265.113818040404	61.3157661117128	2	-0.944344470907782	0.02	99
"Doleschallia polibete"	1	NA	NA	NA	NA	NA	NA	99
"Doxocopa agathina"	1	NA	NA	NA	NA	NA	NA	99
"Drephalys kidonoi"	1	NA	NA	NA	NA	NA	NA	99
"Drupadia ravindra"	5	241.6570002	281.448081464646	67.5799844315881	18	-0.588799799220542	0.18	99
"Dryadula phaetusa"	1	NA	NA	NA	NA	NA	NA	99
"Dryas iulia"	1	NA	NA	NA	NA	NA	NA	99
"Dubiella dubius"	1	NA	NA	NA	NA	NA	NA	99
"Dulcedo polita"	2	239.54415	278.555542888889	105.389958097183	21	-0.370162334184775	0.21	99
"Durbania amakosa"	0	NA	NA	NA	NA	NA	NA	99
"Durbaniella clarki"	0	NA	NA	NA	NA	NA	NA	99
"Durbaniopsis saga"	0	NA	NA	NA	NA	NA	NA	99
"Dymasia dymas"	1	NA	NA	NA	NA	NA	NA	99
"Dynamine postverta"	1	NA	NA	NA	NA	NA	NA	99
"Dynastor darius"	1	NA	NA	NA	NA	NA	NA	99
"Dyscophellus porcius"	1	NA	NA	NA	NA	NA	NA	99
"Eagris sabadius"	3	192.289479333333	271.902269191919	75.7780637769992	1	-1.0506046986483	0.01	99
"Eantis mithridates"	1	NA	NA	NA	NA	NA	NA	99
"Eantis thraso"	1	NA	NA	NA	NA	NA	NA	99
"Ebusus ebusus"	1	NA	NA	NA	NA	NA	NA	99
"Echinargus isola"	1	NA	NA	NA	NA	NA	NA	99
"Eetion elia"	1	NA	NA	NA	NA	NA	NA	99
"Elbella iphinous"	2	271.825215	295.237680454545	135.36618194169	85	-0.172956532560182	0.85	99
"Elbella patrobas"	1	NA	NA	NA	NA	NA	NA	99
"Elbella scylla"	2	237.158208	273.024171242424	99.7331551172865	23	-0.359619258011499	0.23	99
"Elina montrolii"	1	NA	NA	NA	NA	NA	NA	99
"Elodina padusa"	1	NA	NA	NA	NA	NA	NA	99
"Elymnias hypermnestra"	1	NA	NA	NA	NA	NA	NA	99
"Elymnias nesaea"	1	NA	NA	NA	NA	NA	NA	99
"Elymniopsis bammakoo"	1	NA	NA	NA	NA	NA	NA	99
"Elzunia pavonii"	1	NA	NA	NA	NA	NA	NA	99
"Emesis ares"	1	NA	NA	NA	NA	NA	NA	99
"Emesis brimo"	3	238.726083333333	267.387438141414	70.014944541637	23	-0.409360530037073	0.23	99
"Emesis cypria"	1	NA	NA	NA	NA	NA	NA	99
"Emesis emesia"	2	225.40342	269.137403393939	80.5636843467085	7	-0.542849842935792	0.07	99
"Emesis lacrines"	7	239.288973714286	271.610323508418	48.001783722433	9	-0.673336432267346	0.09	99
"Emesis lucinda"	1	NA	NA	NA	NA	NA	NA	99
"Emesis mandana"	22	242.962226095238	274.452537229219	26.9609760092998	6	-1.16799596287309	0.06	99
"Emesis ocypore"	1	NA	NA	NA	NA	NA	NA	99
"Emesis tegula"	2	263.36213	277.855561010101	115.894389210921	56	-0.125057227608524	0.56	99
"Emesis tenedia"	1	NA	NA	NA	NA	NA	NA	99
"Emesis zela"	2	225.40311	266.712959010101	81.462787821886	11	-0.507100850764189	0.11	99
"Eogenes alcides"	1	NA	NA	NA	NA	NA	NA	99
"Eooxylides tharis"	2	239.54422	264.630587252525	83.7832956968757	21	-0.299419676009007	0.21	99
"Epargyreus clarus"	1	NA	NA	NA	NA	NA	NA	99
"Epargyreus spanna"	2	213.48309	288.058299868687	116.554679244216	3	-0.63983025265275	0.03	99
"Ephyriades arcas"	3	244.032285333333	262.378946175084	54.8098149145776	32	-0.334733128917595	0.32	99
"Ephyriades brunnea"	2	231.572235	278.128529373737	106.217704558337	12	-0.438310115694204	0.12	99
"Epiphile orea"	1	NA	NA	NA	NA	NA	NA	99
"Episcada salvinia"	1	NA	NA	NA	NA	NA	NA	99
"Epitola urania"	0	NA	NA	NA	NA	NA	NA	99
"Epityches eupompe"	1	NA	NA	NA	NA	NA	NA	99
"Eracon paulinus"	1	NA	NA	NA	NA	NA	NA	99
"Erebia epiphron"	1	NA	NA	NA	NA	NA	NA	99
"Erebia ligea"	2	187.64298	269.285195787879	91.1899814759485	4	-0.895298085014	0.04	99
"Eretris porphyria"	1	NA	NA	NA	NA	NA	NA	99
"Erikssonia acraeina"	1	NA	NA	NA	NA	NA	NA	99
"Erionota acroleucus"	1	NA	NA	NA	NA	NA	NA	99
"Erionota thrax"	5	178.551428	270.184703016162	56.758670624065	1	-1.61443659635873	0.01	99
"Eroessa chiliensis"	1	NA	NA	NA	NA	NA	NA	99
"Eronia cleodora"	2	208.517028	266.829216525253	83.1706050734774	5	-0.70111535768841	0.05	99
"Erora quaderna"	4	235.918185	274.213703597643	67.0661547219715	18	-0.571011097272544	0.18	99
"Erynnis brizo"	1	NA	NA	NA	NA	NA	NA	99
"Erynnis horatius"	2	225.40311	266.712959010101	81.462787821886	11	-0.507100850764189	0.11	99
"Erynnis tages"	2	247.46885	262.353949474747	72.9500604703905	41	-0.204045060124236	0.41	99
"Eryphanis automedon"	1	NA	NA	NA	NA	NA	NA	99
"Erysichton lineata"	3	256.256534666667	282.137100875421	88.3268770667004	48	-0.293008957955238	0.48	99
"Eteona tisiphone"	1	NA	NA	NA	NA	NA	NA	99
"Etesiolaus catori"	1	NA	NA	NA	NA	NA	NA	99
"Euapatura mirza"	1	NA	NA	NA	NA	NA	NA	99
"Euaspa milionia"	1	NA	NA	NA	NA	NA	NA	99
"Eucheira socialis"	1	NA	NA	NA	NA	NA	NA	99
"Euchloe ausonia"	1	NA	NA	NA	NA	NA	NA	99
"Euchloe ausonides"	1	NA	NA	NA	NA	NA	NA	99
"Euchrysops cnejus"	1	NA	NA	NA	NA	NA	NA	99
"Eueides isabella"	1	NA	NA	NA	NA	NA	NA	99
"Euliphyra hewitsoni"	0	NA	NA	NA	NA	NA	NA	99
"Eumaeus atala"	3	531.948367333333	263.195514747475	60.2765296029909	100	4.45866499541345	1	99
"Eumaeus minyas"	1	NA	NA	NA	NA	NA	NA	99
"Eumedonia eumedon"	1	NA	NA	NA	NA	NA	NA	99
"Eunica monima"	2	208.08895	261.945055343434	73.2526086931958	4	-0.735210749544773	0.04	99
"Euphaedra neophron"	1	NA	NA	NA	NA	NA	NA	99
"Euphilotes enoptes"	1	NA	NA	NA	NA	NA	NA	99
"Euphydryas editha"	4	100.556663333333	272.361615956229	68.273136506104	1	-2.51643562043668	0.01	99
"Euphyes arpa"	1	NA	NA	NA	NA	NA	NA	99
"Euphyes dion"	1	NA	NA	NA	NA	NA	NA	99
"Euploea phaenareta"	2	247.46965	270.041833676768	81.3523331339741	45	-0.277462032214798	0.45	99
"Euploea radamanthus"	1	NA	NA	NA	NA	NA	NA	99
"Euptoieta claudia"	11	239.326215854545	278.203300997245	40.6859401725909	3	-0.955541029106912	0.03	99
"Euptychoides eugenia"	1	NA	NA	NA	NA	NA	NA	99
"Eurema mandarina"	2	225.40275	263.870153252525	72.0209708296635	10	-0.534113922783745	0.1	99
"Eurema mexicana"	1	NA	NA	NA	NA	NA	NA	99
"Euriphellus euribates"	1	NA	NA	NA	NA	NA	NA	99
"Euriphene amicia"	1	NA	NA	NA	NA	NA	NA	99
"Euripus nyctelius"	3	199.24834	263.800229521886	62.300084975451	2	-1.03614448595571	0.02	99
"Euryades corethrus"	1	NA	NA	NA	NA	NA	NA	99
"Eurybia lycisca"	1	NA	NA	NA	NA	NA	NA	99
"Eurytela dryope"	4	237.540267666667	265.830862340067	52.5108255196147	13	-0.538757377996907	0.13	99
"Eurytides dioxippus"	1	NA	NA	NA	NA	NA	NA	99
"Eurytides dolicaon"	2	255.403203	281.261430686869	113.067233049815	54	-0.228697802089807	0.54	99
"Eurytides marcellus"	1	NA	NA	NA	NA	NA	NA	99
"Eurytides philolaus"	1	NA	NA	NA	NA	NA	NA	99
"Euschemon rafflesia"	1	NA	NA	NA	NA	NA	NA	99
"Euselasia chrysippe"	1	NA	NA	NA	NA	NA	NA	99
"Euthalia evelina"	5	235.431391	266.938939622222	50.6488152328843	11	-0.622078689843975	0.11	99
"Euthalia lubentina"	1	NA	NA	NA	NA	NA	NA	99
"Euthaliopsis aetion"	1	NA	NA	NA	NA	NA	NA	99
"Eutresis hypereia"	1	NA	NA	NA	NA	NA	NA	99
"Euxanthe eurinome"	2	237.158162	271.399559656566	89.9071363113721	21	-0.380852945176439	0.21	99
"Evena crithea"	3	186.983594666667	274.241311043771	83.9865612365523	1	-1.03894855429714	0.01	99
"Evenus regalis"	2	239.748742	272.706997707071	98.9030461865011	23	-0.333238024286143	0.23	99
"Exometoeca nycteris"	1	NA	NA	NA	NA	NA	NA	99
"Exoplisia cadmeis"	1	NA	NA	NA	NA	NA	NA	99
"Falga jeconia"	1	NA	NA	NA	NA	NA	NA	99
"Faunis eumeus"	3	237.61426	266.755438639731	65.8309339694262	12	-0.442666948235379	0.12	99
"Feniseca tarquinius"	0	NA	NA	NA	NA	NA	NA	99
"Flos apidanus"	3	191.06532	285.444964444444	90.3232467238604	1	-1.0449097864361	0.01	99
"Forsterinaria pronophila"	1	NA	NA	NA	NA	NA	NA	99
"Fountainea nessus"	1	NA	NA	NA	NA	NA	NA	99
"Fresna netopha"	2	237.158162	271.399559656566	89.9071363113721	21	-0.380852945176439	0.21	99
"Fresna nyassae"	2	237.158162	271.399559656566	89.9071363113721	21	-0.380852945176439	0.21	99
"Freyeria trochylus"	3	242.170063333333	264.76022023569	66.730499913087	28	-0.338528213212541	0.28	99
"Gamia buchholzi"	2	229.20127	264.827377818182	82.198661254103	11	-0.433414696476015	0.11	99
"Gamia shelleyi"	2	229.20127	264.827377818182	82.198661254103	11	-0.433414696476015	0.11	99
"Gandaca harina"	3	258.406880666667	267.604867750842	70.7881882151826	62	-0.129936749563571	0.62	99
"Gangara thyrsis"	2	196.4188	271.250794464647	90.2554030186714	5	-0.82911373681602	0.05	99
"Ganyra josephina"	2	208.517148	286.860736575758	109.447765371222	2	-0.715808023215768	0.02	99
"Ganyra phaloe"	1	NA	NA	NA	NA	NA	NA	99
"Gegenes pumilio"	1	NA	NA	NA	NA	NA	NA	99
"Geitoneura klugii"	1	NA	NA	NA	NA	NA	NA	99
"Gerosis bhagava"	2	271.51669	260.693898777778	73.6657474475361	73	0.146917551198813	0.73	99
"Gesta gesta"	1	NA	NA	NA	NA	NA	NA	99
"Gideona lucasi"	1	NA	NA	NA	NA	NA	NA	99
"Glabroculus cyane"	1	NA	NA	NA	NA	NA	NA	99
"Glaucopsyche lygdamus"	1	NA	NA	NA	NA	NA	NA	99
"Glennia pylotis"	3	168.493545333333	272.812884552189	78.8398937799786	1	-1.32317960130671	0.01	99
"Glutophrissa drusilla"	6	203.163267733333	272.536098243098	54.8042105145489	1	-1.26583030497899	0.01	99
"Gnophodes betsimena"	1	NA	NA	NA	NA	NA	NA	99
"Godyris duillia"	1	NA	NA	NA	NA	NA	NA	99
"Gomalia elma"	1	NA	NA	NA	NA	NA	NA	99
"Gonepteryx rhamni"	2	197.92288	278.374405646465	106.351840814923	5	-0.756465755834623	0.05	99
"Gonerilia seraphim"	1	NA	NA	NA	NA	NA	NA	99
"Grais stigmaticus"	1	NA	NA	NA	NA	NA	NA	99
"Graphium agamemnon"	2	216.76	274.737928323232	97.8253649149556	6	-0.59266764170658	0.06	99
"Graphium evemon"	4	257.173649166667	273.324109031987	63.8100427791956	60	-0.253102163263014	0.6	99
"Graphium sarpedon"	4	242.363458166667	278.78430869697	72.624335003389	22	-0.501496509793907	0.22	99
"Greta morgane"	1	NA	NA	NA	NA	NA	NA	99
"Gretna cylinda"	1	NA	NA	NA	NA	NA	NA	99
"Gunayan rubricollis"	1	NA	NA	NA	NA	NA	NA	99
"Gyrocheilus patrobas"	1	NA	NA	NA	NA	NA	NA	99
"Habrodais grunus"	1	NA	NA	NA	NA	NA	NA	99
"Hades noctula"	3	263.705832	271.853492814815	74.4556236250312	81	-0.109429757191312	0.81	99
"Haematera pyrame"	1	NA	NA	NA	NA	NA	NA	99
"Haetera piera"	1	NA	NA	NA	NA	NA	NA	99
"Halotus rica"	1	NA	NA	NA	NA	NA	NA	99
"Halpe porus"	1	NA	NA	NA	NA	NA	NA	99
"Hamadryas amphinome"	2	247.468919	277.207008969697	107.160911282724	36	-0.277508744688056	0.36	99
"Hamanumida daedalus"	3	263.706503333333	285.507515178451	91.3219174600995	78	-0.238727048790266	0.78	99
"Hamearis lucina"	1	NA	NA	NA	NA	NA	NA	99
"Harma theobene"	3	185.816573333333	273.009020208754	74.827827232129	3	-1.16524092841738	0.03	99
"Hasora badra"	1	NA	NA	NA	NA	NA	NA	99
"Hasora chromus"	4	231.239379333333	267.363537368687	57.2696923303922	8	-0.630772692595434	0.08	99
"Hayashikeia courvoisieri"	1	NA	NA	NA	NA	NA	NA	99
"Hebomoia glaucippe"	3	168.493545333333	272.812884552189	78.8398937799786	1	-1.32317960130671	0.01	99
"Helias phalaenoides"	1	NA	NA	NA	NA	NA	NA	99
"Heliconius atthis"	1	NA	NA	NA	NA	NA	NA	99
"Heliconius besckei"	1	NA	NA	NA	NA	NA	NA	99
"Heliconius charithonia"	1	NA	NA	NA	NA	NA	NA	99
"Heliconius cydno"	1	NA	NA	NA	NA	NA	NA	99
"Heliconius eleuchia"	1	NA	NA	NA	NA	NA	NA	99
"Heliconius elevatus"	1	NA	NA	NA	NA	NA	NA	99
"Heliconius erato"	1	NA	NA	NA	NA	NA	NA	99
"Heliconius ethilla"	1	NA	NA	NA	NA	NA	NA	99
"Heliconius hecale"	1	NA	NA	NA	NA	NA	NA	99
"Heliconius hermathena"	1	NA	NA	NA	NA	NA	NA	99
"Heliconius heurippa"	1	NA	NA	NA	NA	NA	NA	99
"Heliconius hewitsoni"	1	NA	NA	NA	NA	NA	NA	99
"Heliconius himera"	1	NA	NA	NA	NA	NA	NA	99
"Heliconius hortense"	1	NA	NA	NA	NA	NA	NA	99
"Heliconius ismenius"	1	NA	NA	NA	NA	NA	NA	99
"Heliconius melpomene"	1	NA	NA	NA	NA	NA	NA	99
"Heliconius numata"	1	NA	NA	NA	NA	NA	NA	99
"Heliconius pardalinus"	1	NA	NA	NA	NA	NA	NA	99
"Heliconius ricini"	1	NA	NA	NA	NA	NA	NA	99
"Heliconius sapho"	1	NA	NA	NA	NA	NA	NA	99
"Heliconius sara"	1	NA	NA	NA	NA	NA	NA	99
"Heliconius timareta"	1	NA	NA	NA	NA	NA	NA	99
"Heliconius wallacei"	1	NA	NA	NA	NA	NA	NA	99
"Heliconius xanthocles"	1	NA	NA	NA	NA	NA	NA	99
"Helicopis cupido"	1	NA	NA	NA	NA	NA	NA	99
"Heliopetes ericetorum"	1	NA	NA	NA	NA	NA	NA	99
"Heliophorus epicles"	1	NA	NA	NA	NA	NA	NA	99
"Heliopyrgus domicella"	1	NA	NA	NA	NA	NA	NA	99
"Hemiolaus caeculus"	1	NA	NA	NA	NA	NA	NA	99
"Heraclides aristodemus"	1	NA	NA	NA	NA	NA	NA	99
"Heraclides cresphontes"	1	NA	NA	NA	NA	NA	NA	99
"Heraclides thoas"	2	271.397115	263.57482210101	71.8295257836781	60	0.108900801079316	0.6	99
"Herimosa albovenata"	1	NA	NA	NA	NA	NA	NA	99
"Hermeuptychia hermes"	1	NA	NA	NA	NA	NA	NA	99
"Hermeuptychia sosybius"	1	NA	NA	NA	NA	NA	NA	99
"Herona marathus"	1	NA	NA	NA	NA	NA	NA	99
"Hesperia comma"	3	243.558993333333	263.65958356229	65.661286900459	31	-0.306125438257527	0.31	99
"Hesperia meskei"	1	NA	NA	NA	NA	NA	NA	99
"Hesperilla ornata"	1	NA	NA	NA	NA	NA	NA	99
"Hesperocharis marchalii"	3	212.505668666667	264.200115259259	59.3818577019595	3	-0.870542764964506	0.03	99
"Hesperopsis alpheus"	1	NA	NA	NA	NA	NA	NA	99
"Hestina assimilis"	1	NA	NA	NA	NA	NA	NA	99
"Hestinalis nama"	1	NA	NA	NA	NA	NA	NA	99
"Hestina persimilis"	2	146.93824	262.602272757576	86.822223165868	3	-1.33219386166382	0.03	99
"Heteronympha merope"	2	187.64298	269.285195787879	91.1899814759485	4	-0.895298085014	0.04	99
"Heteropterus morpheus"	2	187.64298	269.285195787879	91.1899814759485	4	-0.895298085014	0.04	99
"Heterosais nephele"	1	NA	NA	NA	NA	NA	NA	99
"Hewitsonia intermedia"	0	NA	NA	NA	NA	NA	NA	99
"Hewitsoniella migonitis"	1	NA	NA	NA	NA	NA	NA	99
"Hidari irava"	2	213.46789	258.148933737374	58.7506971192658	3	-0.760519379824035	0.03	99
"Hipparchia senthes"	1	NA	NA	NA	NA	NA	NA	99
"Historis odius"	1	NA	NA	NA	NA	NA	NA	99
"Horaga onyx"	5	248.4217116	274.245780157576	60.1056288688115	34	-0.429644761124457	0.34	99
"Howarthia caelestis"	1	NA	NA	NA	NA	NA	NA	99
"Hyarotis adrastus"	1	NA	NA	NA	NA	NA	NA	99
"Hylephila phyleus"	1	NA	NA	NA	NA	NA	NA	99
"Hypanartia lethe"	2	146.93824	262.602272757576	86.822223165868	3	-1.33219386166382	0.03	99
"Hypaurotis crysalus"	1	NA	NA	NA	NA	NA	NA	99
"Hypermnestra helios"	1	NA	NA	NA	NA	NA	NA	99
"Hyphilaria thasus"	2	229.20202	275.629753383838	106.036308873028	12	-0.437847505984319	0.12	99
"Hypna clytemnestra"	1	NA	NA	NA	NA	NA	NA	99
"Hypochrysops polycletus"	1	NA	NA	NA	NA	NA	NA	99
"Hypoleria lavinia"	1	NA	NA	NA	NA	NA	NA	99
"Hypoleucis tripunctata"	1	NA	NA	NA	NA	NA	NA	99
"Hypolimnas anthedon"	2	247.46923	279.358705181818	105.782739647555	40	-0.301461989811068	0.4	99
"Hypolimnas bolina"	11	228.115851090909	272.42644159596	38.7574742929573	1	-1.14327858854059	0.01	99
"Hypolimnas misippus"	7	215.417772285714	275.224897731602	49.6287797188733	1	-1.20508958279189	0.01	99
"Hypolycaena phorbas"	12	246.242283166667	273.656603013621	37.7686343368248	18	-0.725848851257646	0.18	99
"Hypolycaena sipylus"	3	224.813855333333	287.706029360269	95.6528092503211	8	-0.657504724846594	0.08	99
"Hyponephele lycaon"	1	NA	NA	NA	NA	NA	NA	99
"Hypothyris euclea"	1	NA	NA	NA	NA	NA	NA	99
"Hypsochila wagenknechti"	1	NA	NA	NA	NA	NA	NA	99
"Iambrix salsala"	1	NA	NA	NA	NA	NA	NA	99
"Idea leuconoe"	1	NA	NA	NA	NA	NA	NA	99
"Ideopsis gaura"	1	NA	NA	NA	NA	NA	NA	99
"Ideopsis vitrea"	2	213.48329	265.935371010101	71.7653936822745	7	-0.730882648569046	0.07	99
"Inbio hilara"	1	NA	NA	NA	NA	NA	NA	99
"Iolana iolas"	2	247.46904	267.008960414141	93.5723087444989	46	-0.208821612679191	0.46	99
"Iolaus bellina"	1	NA	NA	NA	NA	NA	NA	99
"Iophanus pyrrhias"	1	NA	NA	NA	NA	NA	NA	99
"Iphiclides podalirius"	1	NA	NA	NA	NA	NA	NA	99
"Ipidecla miadora"	1	NA	NA	NA	NA	NA	NA	99
"Iraota rochana"	2	225.40346	267.149350414141	82.870678961064	8	-0.503747416305776	0.08	99
"Iratsume orsedice"	2	244.81141	265.115423676768	82.8033785245233	34	-0.245207551172014	0.34	99
"Iridana perdita"	0	NA	NA	NA	NA	NA	NA	99
"Isma bononia"	1	NA	NA	NA	NA	NA	NA	99
"Isoteinon lamprospilus"	1	NA	NA	NA	NA	NA	NA	99
"Issoria baumanni"	1	NA	NA	NA	NA	NA	NA	99
"Issoria lathonia"	4	238.492469666667	277.346936388889	67.8466791152258	13	-0.572680449933808	0.13	99
"Ithomia drymo"	1	NA	NA	NA	NA	NA	NA	99
"Ithomia patilla"	1	NA	NA	NA	NA	NA	NA	99
"Ixias pyrene"	1	NA	NA	NA	NA	NA	NA	99
"Jacoona anasuja"	1	NA	NA	NA	NA	NA	NA	99
"Jalmenus evagoras"	1	NA	NA	NA	NA	NA	NA	99
"Jameela palmyra"	1	NA	NA	NA	NA	NA	NA	99
"Jamides bochus"	1	NA	NA	NA	NA	NA	NA	99
"Japonica saepestriata"	1	NA	NA	NA	NA	NA	NA	99
"Jemadia pseudognetus"	1	NA	NA	NA	NA	NA	NA	99
"Jonaspyge aesculapus"	1	NA	NA	NA	NA	NA	NA	99
"Juditha caucana"	11	236.496403127273	271.153011490542	38.3319255234	6	-0.904118639751419	0.06	99
"Junea doraete"	1	NA	NA	NA	NA	NA	NA	99
"Junonia coenia"	6	99.5597494666667	268.00530739596	49.1621567008548	1	-3.42632563811759	0.01	99
"Junonia natalica"	3	122.692806666667	269.688436505051	70.440872529537	1	-2.08679456343682	0.01	99
"Kallima limborgii"	1	NA	NA	NA	NA	NA	NA	99
"Kallima paralekta"	1	NA	NA	NA	NA	NA	NA	99
"Kallimoides rumia"	1	NA	NA	NA	NA	NA	NA	99
"Kaniska canace"	2	111.15237	269.765396505051	90.3025778819876	2	-1.75646177800522	0.02	99
"Kedestes barberae"	1	NA	NA	NA	NA	NA	NA	99
"Kirinia epimenides"	2	187.64298	269.285195787879	91.1899814759485	4	-0.895298085014	0.04	99
"Kisutam syllis"	1	NA	NA	NA	NA	NA	NA	99
"Kolana ligurina"	5	232.855339	266.140600393939	51.5547749569097	7	-0.645629069698388	0.07	99
"Kretania psylorita"	1	NA	NA	NA	NA	NA	NA	99
"Kricogonia lyside"	1	NA	NA	NA	NA	NA	NA	99
"Lachnocnema bibulus"	0	NA	NA	NA	NA	NA	NA	99
"Lachnoptera ayresii"	2	189.730587	277.397298	106.032392942398	4	-0.826791780957213	0.04	99
"Laeosopis roboris"	1	NA	NA	NA	NA	NA	NA	99
"Lampides boeticus"	2	192.1498	259.980539060606	75.7889867654836	5	-0.894994668163291	0.05	99
"Lamprolenis nitida"	1	NA	NA	NA	NA	NA	NA	99
"Lamproptera curius"	1	NA	NA	NA	NA	NA	NA	99
"Lamproptera meges"	2	271.396905	267.277525353535	82.3029468680058	63	0.0500514234693341	0.63	99
"Laothus barajo"	1	NA	NA	NA	NA	NA	NA	99
"Lasaia agesilas"	1	NA	NA	NA	NA	NA	NA	99
"Lasaia sula"	1	NA	NA	NA	NA	NA	NA	99
"Lasiommata megera"	1	NA	NA	NA	NA	NA	NA	99
"Lebadea martha"	3	242.169912666667	260.717783259259	55.2701596644684	27	-0.335585616274535	0.27	99
"Lemonias zygia"	1	NA	NA	NA	NA	NA	NA	99
"Leodonta tellane"	1	NA	NA	NA	NA	NA	NA	99
"Lepella lepeletier"	2	213.46848	261.18496779798	71.6031968515612	5	-0.666401639816441	0.05	99
"Lepidochrysops patricia"	2	136.875164	274.964740373737	97.8143831730528	1	-1.41175123631286	0.01	99
"Leptalina unicolor"	1	NA	NA	NA	NA	NA	NA	99
"Leptidea juvernica"	1	NA	NA	NA	NA	NA	NA	99
"Leptidea reali"	1	NA	NA	NA	NA	NA	NA	99
"Leptidea sinapis"	1	NA	NA	NA	NA	NA	NA	99
"Leptomyrina gorgias"	2	247.46938	280.549570757576	112.507315766896	52	-0.294027019772783	0.52	99
"Leptophobia eleone"	1	NA	NA	NA	NA	NA	NA	99
"Leptosia alcesta"	2	247.469241	291.969980828283	122.527441265395	43	-0.3631899872282	0.43	99
"Leptotes cassius"	2	247.46905	265.847516515152	82.761070020095	41	-0.22206656475912	0.41	99
"Lerema accius"	1	NA	NA	NA	NA	NA	NA	99
"Lerodea eufala"	2	187.64298	269.285195787879	91.1899814759485	4	-0.895298085014	0.04	99
"Lethe anthedon"	2	271.517173	278.407670464647	114.38979865379	77	-0.0602369926841214	0.77	99
"Lethe dura"	1	NA	NA	NA	NA	NA	NA	99
"Lethe europa"	1	NA	NA	NA	NA	NA	NA	99
"Lethe rohria"	1	NA	NA	NA	NA	NA	NA	99
"Leucantigius atayalica"	1	NA	NA	NA	NA	NA	NA	99
"Leucidia brephos"	1	NA	NA	NA	NA	NA	NA	99
"Leucochimona icare"	2	271.51654	285.429678454545	110.302241187819	64	-0.126136498268013	0.64	99
"Leucochitonea levubu"	1	NA	NA	NA	NA	NA	NA	99
"Lexias aeropa"	1	NA	NA	NA	NA	NA	NA	99
"Libythea celtis"	2	197.92355	282.529623666667	112.185732434168	6	-0.754160728204138	0.06	99
"Libythea lepita"	1	NA	NA	NA	NA	NA	NA	99
"Lieinix nemesis"	1	NA	NA	NA	NA	NA	NA	99
"Limenitis arthemis"	6	216.106052	272.177179672054	50.9870845566276	1	-1.09971237146889	0.01	99
"Limenitis cottini"	1	NA	NA	NA	NA	NA	NA	99
"Limenitis populi"	1	NA	NA	NA	NA	NA	NA	99
"Limenitis sulpitia"	1	NA	NA	NA	NA	NA	NA	99
"Lipaphnaeus aderna"	1	NA	NA	NA	NA	NA	NA	99
"Liphyra brassolis"	0	NA	NA	NA	NA	NA	NA	99
"Logania malayica"	0	NA	NA	NA	NA	NA	NA	99
"Lopinga deidamia"	2	187.64298	269.285195787879	91.1899814759485	4	-0.895298085014	0.04	99
"Lotongus calathus"	1	NA	NA	NA	NA	NA	NA	99
"Loxura atymnus"	2	239.54422	264.630587252525	83.7832956968757	21	-0.299419676009007	0.21	99
"Lucia limbaria"	1	NA	NA	NA	NA	NA	NA	99
"Lucinia cadma"	2	247.469532	271.605027505051	90.8904441301575	48	-0.265544917686703	0.48	99
"Luehdorfia japonica"	1	NA	NA	NA	NA	NA	NA	99
"Luehdorfia puziloi"	1	NA	NA	NA	NA	NA	NA	99
"Luthrodes cleotas"	1	NA	NA	NA	NA	NA	NA	99
"Lycaena hippothoe"	1	NA	NA	NA	NA	NA	NA	99
"Lycas argentea"	1	NA	NA	NA	NA	NA	NA	99
"Lychnuchoides ozias"	1	NA	NA	NA	NA	NA	NA	99
"Lycorea halia"	4	241.382677666667	264.73321752862	53.8937120260937	21	-0.43327020878887	0.21	99
"Lysandra coridon"	1	NA	NA	NA	NA	NA	NA	99
"Macrosoma hyacinthina"	1	NA	NA	NA	NA	NA	NA	99
"Macrosoma rubedinaria"	1	NA	NA	NA	NA	NA	NA	99
"Macrosoma tipulata"	1	NA	NA	NA	NA	NA	NA	99
"Magnastigma hirsuta"	1	NA	NA	NA	NA	NA	NA	99
"Magneuptychia alcinoe"	1	NA	NA	NA	NA	NA	NA	99
"Magneuptychia libye"	1	NA	NA	NA	NA	NA	NA	99
"Magneuptychia ocnus"	1	NA	NA	NA	NA	NA	NA	99
"Mahathala ameria"	2	247.469009	262.390341	84.2824125516614	41	-0.177039687738577	0.41	99
"Manataria hercyna"	1	NA	NA	NA	NA	NA	NA	99
"Mandarinia regalis"	1	NA	NA	NA	NA	NA	NA	99
"Maniola jurtina"	1	NA	NA	NA	NA	NA	NA	99
"Manto hypoleuca"	2	247.46973	271.475832626263	99.8208654257058	56	-0.240491830279009	0.56	99
"Marpesia eleuchea"	1	NA	NA	NA	NA	NA	NA	99
"Matapa aria"	1	NA	NA	NA	NA	NA	NA	99
"Mathania aureomaculata"	1	NA	NA	NA	NA	NA	NA	99
"Maurus vogelii"	2	237.157969	253.53711259596	46.6171601424667	18	-0.351354384220388	0.18	99
"Mcclungia cymo"	1	NA	NA	NA	NA	NA	NA	99
"Meandrusa lachinus"	1	NA	NA	NA	NA	NA	NA	99
"Mechanitis lysimnia"	1	NA	NA	NA	NA	NA	NA	99
"Mechanitis polymnia"	1	NA	NA	NA	NA	NA	NA	99
"Megathymus streckeri"	1	NA	NA	NA	NA	NA	NA	99
"Megathymus ursus"	1	NA	NA	NA	NA	NA	NA	99
"Megathymus yuccae"	1	NA	NA	NA	NA	NA	NA	99
"Megeuptychia antonoe"	1	NA	NA	NA	NA	NA	NA	99
"Megisba malaya"	3	235.295887333333	268.136232154882	69.855123955091	11	-0.47012077228095	0.11	99
"Megisto cymela"	2	187.64298	269.285195787879	91.1899814759485	4	-0.895298085014	0.04	99
"Megisto rubricata"	2	178.1646	264.022080212121	71.5462699199537	2	-1.20002734325883	0.02	99
"Melampias huebneri"	1	NA	NA	NA	NA	NA	NA	99
"Melanargia galathea"	2	178.1646	264.022080212121	71.5462699199537	2	-1.20002734325883	0.02	99
"Melanis pixe"	1	NA	NA	NA	NA	NA	NA	99
"Melanitis leda"	2	187.64298	269.285195787879	91.1899814759485	4	-0.895298085014	0.04	99
"Melanocyma faunula"	1	NA	NA	NA	NA	NA	NA	99
"Melanolycaena altimontana"	2	247.468999	271.276817868687	89.8467244592225	40	-0.264982602448598	0.4	99
"Melete lycimnia"	1	NA	NA	NA	NA	NA	NA	99
"Melinaea menophilus"	1	NA	NA	NA	NA	NA	NA	99
"Melitaea cinxia"	3	189.669213333333	279.832596282828	94.110006734482	2	-0.9580637179623	0.02	99
"Melphinyet flavina"	1	NA	NA	NA	NA	NA	NA	99
"Melphinyet tarace"	1	NA	NA	NA	NA	NA	NA	99
"Memphis pithyusa"	1	NA	NA	NA	NA	NA	NA	99
"Mesene croceella"	1	NA	NA	NA	NA	NA	NA	99
"Mesene phareus"	2	237.158162	271.399559656566	89.9071363113721	21	-0.380852945176439	0.21	99
"Mesodina halyzia"	1	NA	NA	NA	NA	NA	NA	99
"Mesosemia grandis"	1	NA	NA	NA	NA	NA	NA	99
"Mesoxantha ethosea"	2	247.468941	259.040905050505	75.199202552069	43	-0.153884132514469	0.43	99
"Mestra dorcas"	1	NA	NA	NA	NA	NA	NA	99
"Metacharis umbrata"	1	NA	NA	NA	NA	NA	NA	99
"Metamorpha elissa"	1	NA	NA	NA	NA	NA	NA	99
"Methona themisto"	4	228.545528166667	268.490813653199	61.5493468133667	4	-0.64899609101712	0.04	99
"Metisella metis"	1	NA	NA	NA	NA	NA	NA	99
"Meza meza"	1	NA	NA	NA	NA	NA	NA	99
"Michaelus ira"	1	NA	NA	NA	NA	NA	NA	99
"Microceris variicolor"	1	NA	NA	NA	NA	NA	NA	99
"Microtia elva"	1	NA	NA	NA	NA	NA	NA	99
"Miletus symethus"	0	NA	NA	NA	NA	NA	NA	99
"Mimathyma chevana"	1	NA	NA	NA	NA	NA	NA	99
"Mimeresia libentina"	0	NA	NA	NA	NA	NA	NA	99
"Mimoides xynias"	1	NA	NA	NA	NA	NA	NA	99
"Mimoniades ocyalus"	1	NA	NA	NA	NA	NA	NA	99
"Ministrymon leda"	1	NA	NA	NA	NA	NA	NA	99
"Minois dryas"	2	187.64298	269.285195787879	91.1899814759485	4	-0.895298085014	0.04	99
"Mnasilus allubita"	1	NA	NA	NA	NA	NA	NA	99
"Moduza procris"	1	NA	NA	NA	NA	NA	NA	99
"Moeros moeros"	1	NA	NA	NA	NA	NA	NA	99
"Monza punctata"	1	NA	NA	NA	NA	NA	NA	99
"Morpho helenor"	6	223.022617333333	264.130253610101	47.363867822434	3	-0.867911303841975	0.03	99
"Morphopsis albertisi"	3	225.16928	270.524503171717	70.2464068628792	7	-0.64565897669685	0.07	99
"Morvina morvus"	1	NA	NA	NA	NA	NA	NA	99
"Morys compta"	1	NA	NA	NA	NA	NA	NA	99
"Mota massyla"	1	NA	NA	NA	NA	NA	NA	99
"Motasingha trimaculata"	2	213.46811	281.686708393939	111.57621973065	9	-0.611408045178643	0.09	99
"Mycalesis francisca"	1	NA	NA	NA	NA	NA	NA	99
"Mycalesis tagala"	1	NA	NA	NA	NA	NA	NA	99
"Mygona irmina"	1	NA	NA	NA	NA	NA	NA	99
"Mylothris chloris"	2	162.945367	262.219473757576	73.6398371585795	3	-1.34810329012263	0.03	99
"Myrina silenus"	1	NA	NA	NA	NA	NA	NA	99
"Myscelia cyaniris"	1	NA	NA	NA	NA	NA	NA	99
"Myscelia orsis"	1	NA	NA	NA	NA	NA	NA	99
"Myscelus amystis"	2	158.29681	287.073424383838	117.856868728168	2	-1.0926526028861	0.02	99
"Myscelus belti"	1	NA	NA	NA	NA	NA	NA	99
"Myscelus epimachia"	1	NA	NA	NA	NA	NA	NA	99
"Myscelus nobilis"	1	NA	NA	NA	NA	NA	NA	99
"Mysoria barcastus"	1	NA	NA	NA	NA	NA	NA	99
"Nabokovia faga"	1	NA	NA	NA	NA	NA	NA	99
"Nacaduba kurava"	6	219.7705732	271.481728440404	56.1726714286574	2	-0.920574968667464	0.02	99
"Napaea eucharila"	1	NA	NA	NA	NA	NA	NA	99
"Napeocles jucunda"	1	NA	NA	NA	NA	NA	NA	99
"Narcosius colossus"	2	271.824592	263.256406161616	71.5200153610104	84	0.119801230398713	0.84	99
"Nascus phocus"	2	158.29681	287.073424383838	117.856868728168	2	-1.0926526028861	0.02	99
"Nastra julia"	1	NA	NA	NA	NA	NA	NA	99
"Nathalis iole"	5	233.805616	265.45609230101	49.3663068065848	9	-0.641135186089886	0.09	99
"Neita neita"	1	NA	NA	NA	NA	NA	NA	99
"Nelia nemyroides"	1	NA	NA	NA	NA	NA	NA	99
"Neocoenyra duplex"	1	NA	NA	NA	NA	NA	NA	99
"Neohesperilla croceus"	1	NA	NA	NA	NA	NA	NA	99
"Neohesperilla xanthomera"	1	NA	NA	NA	NA	NA	NA	99
"Neolucia agricola"	1	NA	NA	NA	NA	NA	NA	99
"Neolysandra diana"	1	NA	NA	NA	NA	NA	NA	99
"Neominois ridingsii"	1	NA	NA	NA	NA	NA	NA	99
"Neomyrina nivea"	3	260.269378666667	270.443722013468	80.4376236370917	66	-0.126487368556593	0.66	99
"Neonympha areolatus"	2	187.64298	269.285195787879	91.1899814759485	4	-0.895298085014	0.04	99
"Neophasia menapia"	1	NA	NA	NA	NA	NA	NA	99
"Neopithecops zalmora"	2	247.040845	264.47561679798	71.0350621462705	33	-0.245438960299342	0.33	99
"Neorina crishna"	1	NA	NA	NA	NA	NA	NA	99
"Neoxeniades braesia"	1	NA	NA	NA	NA	NA	NA	99
"Neozephyrus japonica"	1	NA	NA	NA	NA	NA	NA	99
"Neozephyrus orientalis"	1	NA	NA	NA	NA	NA	NA	99
"Neptidopsis ophione"	1	NA	NA	NA	NA	NA	NA	99
"Neptis sappho"	5	212.5155852	262.898697040404	46.0520146018255	2	-1.09404794287559	0.02	99
"Neruda aoede"	1	NA	NA	NA	NA	NA	NA	99
"Nesolycaena albosericea"	1	NA	NA	NA	NA	NA	NA	99
"Nesoxenica leprea"	1	NA	NA	NA	NA	NA	NA	99
"Nessaea aglaura"	1	NA	NA	NA	NA	NA	NA	99
"Netrobalane canopus"	1	NA	NA	NA	NA	NA	NA	99
"Netrocoryne repanda"	8	345.894092535714	277.924762415945	51.6866626506067	79	1.31502648138129	0.79	99
"Neurellipes lusones"	1	NA	NA	NA	NA	NA	NA	99
"Nica flavilla"	1	NA	NA	NA	NA	NA	NA	99
"Ninguta schrenkii"	2	187.64298	269.285195787879	91.1899814759485	4	-0.895298085014	0.04	99
"Niphanda fusca"	0	NA	NA	NA	NA	NA	NA	99
"Noctuana haematospila"	1	NA	NA	NA	NA	NA	NA	99
"Nosea hainanensis"	1	NA	NA	NA	NA	NA	NA	99
"Notheme erota"	1	NA	NA	NA	NA	NA	NA	99
"Nothodanis schaeffera"	1	NA	NA	NA	NA	NA	NA	99
"Notocrypta curvifascia"	3	108.43506	275.156753367003	78.700709946577	1	-2.11842680301329	0.01	99
"Notocrypta feisthamelii"	4	105.430188333333	270.755931164983	62.1659895528707	1	-2.65942429326319	0.01	99
"Nyctelius nyctelius"	1	NA	NA	NA	NA	NA	NA	99
"Nymphalis antiopa"	8	204.905535142857	270.466322710317	40.7862229679418	1	-1.60742483114927	0.01	99
"Nymphalis xanthomelas"	5	219.7533736	271.664321274747	57.2767218698433	1	-0.906318413136681	0.01	99
"Nymphidium caricae"	1	NA	NA	NA	NA	NA	NA	99
"Nymphidium onaeum"	2	231.571925	260.94983059596	74.0770766552969	14	-0.396585650007004	0.14	99
"Oarisma garita"	1	NA	NA	NA	NA	NA	NA	99
"Oboronia punctatus"	2	92.2632	273.291599141414	100.579143230647	2	-1.79986022277285	0.02	99
"Ocaria ocrisia"	5	224.7046034	269.888131694949	58.2644874940322	4	-0.77549001524432	0.04	99
"Ochlodes sylvanoides"	1	NA	NA	NA	NA	NA	NA	99
"Ocybadistes flavovittata"	1	NA	NA	NA	NA	NA	NA	99
"Ocybadistes walkeri"	3	215.34888	270.140953851852	70.4849282611319	4	-0.777358723397699	0.04	99
"Odina hieroglyphica"	1	NA	NA	NA	NA	NA	NA	99
"Odontoptilum angulata"	2	208.517279	271.525437686869	91.5865879190385	6	-0.687962725967772	0.06	99
"Oeneis norna"	2	187.64298	269.285195787879	91.1899814759485	4	-0.895298085014	0.04	99
"Oenomaus ortygnus"	1	NA	NA	NA	NA	NA	NA	99
"Oerane microthyrus"	1	NA	NA	NA	NA	NA	NA	99
"Ogyris amaryllis"	1	NA	NA	NA	NA	NA	NA	99
"Oileides azines"	1	NA	NA	NA	NA	NA	NA	99
"Oleria aquata"	1	NA	NA	NA	NA	NA	NA	99
"Oligoria maculata"	1	NA	NA	NA	NA	NA	NA	99
"Olyras crathis"	1	NA	NA	NA	NA	NA	NA	99
"Onophas columbaria"	1	NA	NA	NA	NA	NA	NA	99
"Opoptera aorsa"	1	NA	NA	NA	NA	NA	NA	99
"Opsiphanes tamarindi"	4	107.454366666667	276.302259198653	72.4302503165526	1	-2.33117919369387	0.01	99
"Orachrysops niobe"	1	NA	NA	NA	NA	NA	NA	99
"Oraidium barberae"	2	247.46891	287.739928636364	117.723821064876	35	-0.342080458076287	0.35	99
"Oreisplanus munionga"	1	NA	NA	NA	NA	NA	NA	99
"Oreixenica lathoniella"	1	NA	NA	NA	NA	NA	NA	99
"Oressinoma typhla"	1	NA	NA	NA	NA	NA	NA	99
"Oriens gola"	1	NA	NA	NA	NA	NA	NA	99
"Orinoma damaris"	1	NA	NA	NA	NA	NA	NA	99
"Orphe gerasa"	1	NA	NA	NA	NA	NA	NA	99
"Orses cynisca"	1	NA	NA	NA	NA	NA	NA	99
"Orsotriaena medus"	2	187.64298	269.285195787879	91.1899814759485	4	-0.895298085014	0.04	99
"Ortilia liriope"	4	152.462159	273.19573716835	67.1279859096673	1	-1.79855803108436	0.01	99
"Osmodes laronia"	1	NA	NA	NA	NA	NA	NA	99
"Oxynetra stangelandi"	1	NA	NA	NA	NA	NA	NA	99
"Oxynthes corusca"	1	NA	NA	NA	NA	NA	NA	99
"Pachliopta aristolochiae"	1	NA	NA	NA	NA	NA	NA	99
"Pachliopta kotzebuea"	1	NA	NA	NA	NA	NA	NA	99
"Pachythone gigas"	2	237.158138	265.056184666667	85.1997356033596	21	-0.327442878420935	0.21	99
"Pachythone xanthe"	0	NA	NA	NA	NA	NA	NA	99
"Pagyris cymothoe"	1	NA	NA	NA	NA	NA	NA	99
"Palaeonympha opalina"	1	NA	NA	NA	NA	NA	NA	99
"Palla ussheri"	3	243.746878666667	256.393840323232	50.7935385599933	33	-0.248987607776687	0.33	99
"Panacea procilla"	1	NA	NA	NA	NA	NA	NA	99
"Pandita sinope"	2	171.8274	259.504929919192	60.7484288937831	3	-1.44328884739544	0.03	99
"Panoquina lucas"	1	NA	NA	NA	NA	NA	NA	99
"Panoquina ocola"	1	NA	NA	NA	NA	NA	NA	99
"Panoquina panoquin"	2	187.64298	269.285195787879	91.1899814759485	4	-0.895298085014	0.04	99
"Panthiades hebraeus"	2	225.40331	276.285726191919	97.3927775829742	7.5	-0.522445477525987	0.075	99
"Pantoporia hordonia"	1	NA	NA	NA	NA	NA	NA	99
"Panyapedaliodes drymaea"	1	NA	NA	NA	NA	NA	NA	99
"Papias subcostulata"	1	NA	NA	NA	NA	NA	NA	99
"Papilio alexanor"	1	NA	NA	NA	NA	NA	NA	99
"Papilio ambrax"	2	247.040953	255.830328131313	62.220707216697	38	-0.141261254082218	0.38	99
"Papilio clytia"	1	NA	NA	NA	NA	NA	NA	99
"Papilio deiphobus"	1	NA	NA	NA	NA	NA	NA	99
"Papilio elwesi"	3	266.065632	269.218862989899	67.7792076617884	80	-0.0465220987184344	0.8	99
"Papilio gigon"	1	NA	NA	NA	NA	NA	NA	99
"Papilio joanae"	1	NA	NA	NA	NA	NA	NA	99
"Papilio machaon"	4	206.069898166667	274.816672329966	66.5010910981732	1	-1.0337691160858	0.01	99
"Papilio memnon"	2	271.396785	264.188006010101	71.3714334085759	62	0.101003701980193	0.62	99
"Papilio phestus"	1	NA	NA	NA	NA	NA	NA	99
"Papilio polytes"	1	NA	NA	NA	NA	NA	NA	99
"Papilio polyxenes"	2	247.040603	261.565887222222	73.4782323493948	30	-0.197681459634921	0.3	99
"Papilio protenor"	1	NA	NA	NA	NA	NA	NA	99
"Papilio slateri"	1	NA	NA	NA	NA	NA	NA	99
"Papilio xuthus"	2	271.397015	271.855108	89.7914015489224	60	-0.00510174684989665	0.6	99
"Papilio zelicaon"	2	247.040603	261.565887222222	73.4782323493948	30	-0.197681459634921	0.3	99
"Paracarystus hypargyra"	1	NA	NA	NA	NA	NA	NA	99
"Parachoranthus magdalia"	1	NA	NA	NA	NA	NA	NA	99
"Paralethe dendrophilus"	1	NA	NA	NA	NA	NA	NA	99
"Paralucia pyrodiscus"	1	NA	NA	NA	NA	NA	NA	99
"Paramacera xicaque"	1	NA	NA	NA	NA	NA	NA	99
"Paramimus scurra"	2	271.825175	262.429590151515	71.8950780243986	91	0.130684674203932	0.91	99
"Parantica aglea"	1	NA	NA	NA	NA	NA	NA	99
"Parantica sita"	1	NA	NA	NA	NA	NA	NA	99
"Pararge aegeria"	1	NA	NA	NA	NA	NA	NA	99
"Parasarpa daraxa"	1	NA	NA	NA	NA	NA	NA	99
"Paratisiphone lyrnessa"	1	NA	NA	NA	NA	NA	NA	99
"Paratrytone snowi"	1	NA	NA	NA	NA	NA	NA	99
"Pardaleodes edipus"	1	NA	NA	NA	NA	NA	NA	99
"Pardaleodes incerta"	1	NA	NA	NA	NA	NA	NA	99
"Pardopsis punctatissima"	2	188.72416	287.235897616162	126.341115587976	8	-0.779728255189926	0.08	99
"Parelbella ahira"	2	271.824775	297.956544393939	133.576359925624	80	-0.19563169267743	0.8	99
"Parelbella macleannani"	1	NA	NA	NA	NA	NA	NA	99
"Pareronia valeria"	1	NA	NA	NA	NA	NA	NA	99
"Pareuptychia hesionides"	1	NA	NA	NA	NA	NA	NA	99
"Pareuptychia ocirrhoe"	2	187.64298	269.285195787879	91.1899814759485	4	-0.895298085014	0.04	99
"Parides agavus"	1	NA	NA	NA	NA	NA	NA	99
"Parides eurimedes"	1	NA	NA	NA	NA	NA	NA	99
"Parides photinus"	1	NA	NA	NA	NA	NA	NA	99
"Parnara apostata"	1	NA	NA	NA	NA	NA	NA	99
"Parnara guttatus"	2	187.64298	269.285195787879	91.1899814759485	4	-0.895298085014	0.04	99
"Parnassius apollo"	1	NA	NA	NA	NA	NA	NA	99
"Parnassius imperator"	1	NA	NA	NA	NA	NA	NA	99
"Parnassius smintheus"	1	NA	NA	NA	NA	NA	NA	99
"Parosmodes morantii"	3	222.531712	281.449984895623	88.0882145205385	7	-0.668855342525822	0.07	99
"Parrhasius polibetes"	3	222.786363333333	261.007228148148	55.5603420805201	5	-0.687916297553095	0.05	99
"Parthenos sylvina"	3	252.765590666667	285.569858006734	90.6554338817104	38	-0.361856602913304	0.38	99
"Paryphthimoides eous"	1	NA	NA	NA	NA	NA	NA	99
"Paryphthimoides poltys"	1	NA	NA	NA	NA	NA	NA	99
"Pasma tasmanicus"	1	NA	NA	NA	NA	NA	NA	99
"Passova gellias"	1	NA	NA	NA	NA	NA	NA	99
"Passova passova"	1	NA	NA	NA	NA	NA	NA	99
"Patricia dercyllidas"	1	NA	NA	NA	NA	NA	NA	99
"Patsuia sinensium"	1	NA	NA	NA	NA	NA	NA	99
"Pellicia arina"	1	NA	NA	NA	NA	NA	NA	99
"Pellicia dimidiata"	1	NA	NA	NA	NA	NA	NA	99
"Pelopidas mathias"	2	187.64298	269.285195787879	91.1899814759485	4	-0.895298085014	0.04	99
"Penthema adelma"	1	NA	NA	NA	NA	NA	NA	99
"Pentila pauli"	0	NA	NA	NA	NA	NA	NA	99
"Pentila tropicalis"	0	NA	NA	NA	NA	NA	NA	99
"Perichares lotus"	1	NA	NA	NA	NA	NA	NA	99
"Periplacis pretus"	1	NA	NA	NA	NA	NA	NA	99
"Perisama bomplandii"	1	NA	NA	NA	NA	NA	NA	99
"Perophthalma lasus"	1	NA	NA	NA	NA	NA	NA	99
"Perrhybris pamela"	2	208.517148	286.860736575758	109.447765371222	2	-0.715808023215768	0.02	99
"Petrelaea dana"	1	NA	NA	NA	NA	NA	NA	99
"Phaedyma columella"	4	233.336720666667	269.193134910774	59.5672271175938	8	-0.601948688551883	0.08	99
"Phaeostrymon alcestis"	1	NA	NA	NA	NA	NA	NA	99
"Phalanta eurytis"	2	224.041946	266.689757414141	81.9146911140787	7	-0.520636906934652	0.07	99
"Phalanta phalantha"	6	221.168708933333	265.655466135354	45.6767216277141	1	-0.973948120983974	0.01	99
"Phanus vitreus"	1	NA	NA	NA	NA	NA	NA	99
"Phareas coeleste"	1	NA	NA	NA	NA	NA	NA	99
"Pharmacophagus antenor"	2	271.825465	282.276619969697	111.579972758206	90	-0.0936651507555448	0.9	99
"Pharneuptychia phares"	1	NA	NA	NA	NA	NA	NA	99
"Phasis pringlei"	2	233.986043	290.714509343434	122.645370057144	14	-0.462540626825152	0.14	99
"Phengaris atroguttata"	2	247.468013	274.886218383838	99.3358913312045	31	-0.276015094004854	0.31	99
"Phengaris nausithous"	2	247.46938	291.376501575758	124.710375305997	41	-0.352072724246272	0.41	99
"Philaethria dido"	1	NA	NA	NA	NA	NA	NA	99
"Philotes sonorensis"	1	NA	NA	NA	NA	NA	NA	99
"Philotiella leona"	1	NA	NA	NA	NA	NA	NA	99
"Phlyaria cyara"	1	NA	NA	NA	NA	NA	NA	99
"Phocides pigmalion"	1	NA	NA	NA	NA	NA	NA	99
"Phocides polybius"	1	NA	NA	NA	NA	NA	NA	99
"Phoebis agarithe"	1	NA	NA	NA	NA	NA	NA	99
"Phoebis argante"	1	NA	NA	NA	NA	NA	NA	99
"Phoebis sennae"	1	NA	NA	NA	NA	NA	NA	99
"Pholisora catullus"	1	NA	NA	NA	NA	NA	NA	99
"Pholisora mejicanus"	1	NA	NA	NA	NA	NA	NA	99
"Phyciodes cocyta"	1	NA	NA	NA	NA	NA	NA	99
"Phyciodes tharos"	1	NA	NA	NA	NA	NA	NA	99
"Physcaeneura panda"	1	NA	NA	NA	NA	NA	NA	99
"Phystis simois"	1	NA	NA	NA	NA	NA	NA	99
"Pieriballia viardi"	2	208.517148	286.860736575758	109.447765371222	2	-0.715808023215768	0.02	99
"Pieris brassicae"	5	165.0023232	274.886518765657	59.5073385231165	1	-1.84656545382164	0.01	99
"Pieris napi"	3	148.451786666667	276.478250794613	83.5713484484707	1	-1.53194206513116	0.01	99
"Pieris rapae"	5	165.0023232	274.886518765657	59.5073385231165	1	-1.84656545382164	0.01	99
"Pierphulia rosea"	1	NA	NA	NA	NA	NA	NA	99
"Pinacopteryx eriphia"	1	NA	NA	NA	NA	NA	NA	99
"Pirdana hyela"	1	NA	NA	NA	NA	NA	NA	99
"Piruna aea"	1	NA	NA	NA	NA	NA	NA	99
"Piruna pirus"	1	NA	NA	NA	NA	NA	NA	99
"Pithecops corvus"	3	243.746575333333	256.844536148148	48.5093376888012	39	-0.270009062973428	0.39	99
"Placidina euryanassa"	1	NA	NA	NA	NA	NA	NA	99
"Plastingia naga"	1	NA	NA	NA	NA	NA	NA	99
"Platylesches picanini"	1	NA	NA	NA	NA	NA	NA	99
"Plautella cossaea"	2	231.571789	259.152794989899	59.9743604518264	17	-0.459879951734592	0.17	99
"Plebejidea loewii"	1	NA	NA	NA	NA	NA	NA	99
"Plebejus anna"	1	NA	NA	NA	NA	NA	NA	99
"Plebejus argus"	12	234.898923469697	280.69269870401	40.7148619385527	1	-1.12474347336423	0.01	99
"Plebejus idas"	2	247.46904	267.008960414141	93.5723087444989	46	-0.208821612679191	0.46	99
"Plebejus melissa"	1	NA	NA	NA	NA	NA	NA	99
"Plebulina emigdionis"	2	247.46855	273.77299249495	88.8000856021051	25	-0.296220913714141	0.25	99
"Ploetzia amygdalis"	1	NA	NA	NA	NA	NA	NA	99
"Poanes zabulon"	1	NA	NA	NA	NA	NA	NA	99
"Poladryas arachne"	1	NA	NA	NA	NA	NA	NA	99
"Polites vibex"	1	NA	NA	NA	NA	NA	NA	99
"Polycaena tamerlana"	1	NA	NA	NA	NA	NA	NA	99
"Polyctor polyctor"	1	NA	NA	NA	NA	NA	NA	99
"Polygonia c-album"	8	219.0943105	269.631548483766	40.3671864235911	1	-1.25193857836551	0.01	99
"Polygonia c-aureum"	5	218.4421568	271.545819850505	59.8956124263995	2	-0.886603557410143	0.02	99
"Polygonus leo"	1	NA	NA	NA	NA	NA	NA	99
"Polygonus savigny"	1	NA	NA	NA	NA	NA	NA	99
"Polyommatus icarus"	1	NA	NA	NA	NA	NA	NA	99
"Polythrix asine"	1	NA	NA	NA	NA	NA	NA	99
"Polythrix octomaculata"	1	NA	NA	NA	NA	NA	NA	99
"Polytremis lubricans"	1	NA	NA	NA	NA	NA	NA	99
"Polyura eudamippus"	3	207.26412	268.421656350168	64.4655085561813	2	-0.94868616908327	0.02	99
"Pompeius verna"	1	NA	NA	NA	NA	NA	NA	99
"Pontia beckerii"	3	168.493545333333	272.812884552189	78.8398937799786	1	-1.32317960130671	0.01	99
"Pontia daplidice"	2	118.9514	285.825634171717	118.877497496454	3	-1.40374955467661	0.03	99
"Poritia hewitsoni"	2	232.75688	275.739986505051	107.249223428883	19	-0.400777787762282	0.19	99
"Posttaygetis penelea"	1	NA	NA	NA	NA	NA	NA	99
"Potanthus omaha"	2	271.088743	254.449575818182	44.7541154710876	72	0.371790772908193	0.72	99
"Praepedaliodes phanias"	1	NA	NA	NA	NA	NA	NA	99
"Praephilotes anthracias"	2	247.46895	269.530447646465	91.0324508899558	39	-0.242347618138213	0.39	99
"Praetaxila segecia"	1	NA	NA	NA	NA	NA	NA	99
"Pratapa deva"	2	242.77025	275.739972363636	97.8861964222617	27	-0.336816870699639	0.27	99
"Prepona claudina"	2	205.215547	286.118557949495	118.619829136086	5	-0.682036144704605	0.05	99
"Prepona dexamenus"	1	NA	NA	NA	NA	NA	NA	99
"Prepona laertes"	3	235.296191333333	269.273917030303	69.3362137596929	12	-0.490042992753117	0.12	99
"Prioneris thestylis"	1	NA	NA	NA	NA	NA	NA	99
"Problema byssus"	1	NA	NA	NA	NA	NA	NA	99
"Proeidosa polysema"	1	NA	NA	NA	NA	NA	NA	99
"Prolibythea carinenta"	2	247.46944	264.938193525253	83.9366593412891	55	-0.208118284219819	0.55	99
"Prosotas nora"	7	243.429717619048	272.514043748918	46.7721474695278	18	-0.621830035681356	0.18	99
"Protantigius superans"	3	242.170001333333	277.361422410774	85.1910880098606	21	-0.413088057677674	0.21	99
"Proteides mercurius"	1	NA	NA	NA	NA	NA	NA	99
"Proterebia phegea"	1	NA	NA	NA	NA	NA	NA	99
"Protesilaus protesilaus"	3	253.470001333333	280.83065576431	83.8449033139598	41	-0.326324598747805	0.41	99
"Prothoe franckii"	1	NA	NA	NA	NA	NA	NA	99
"Protogoniomorpha anacardii"	1	NA	NA	NA	NA	NA	NA	99
"Protogoniomorpha parhassus"	1	NA	NA	NA	NA	NA	NA	99
"Protonymphidia senta"	1	NA	NA	NA	NA	NA	NA	99
"Pseudacraea rubrobasalis"	1	NA	NA	NA	NA	NA	NA	99
"Pseudaletis agrippina"	0	NA	NA	NA	NA	NA	NA	99
"Pseudalmenus chlorinda"	1	NA	NA	NA	NA	NA	NA	99
"Pseudargynnis hegemone"	1	NA	NA	NA	NA	NA	NA	99
"Pseudergolis avesta"	1	NA	NA	NA	NA	NA	NA	99
"Pseudochrysops bornoi"	1	NA	NA	NA	NA	NA	NA	99
"Pseudocoladenia dan"	2	247.46855	273.77299249495	88.8000856021051	25	-0.296220913714141	0.25	99
"Pseudocopaeodes eunus"	1	NA	NA	NA	NA	NA	NA	99
"Pseudodipsas eone"	4	239.338764666667	275.182705616162	66.9493689011458	14	-0.535388780175364	0.14	99
"Pseudolucia chilensis"	1	NA	NA	NA	NA	NA	NA	99
"Pseudolucia parana"	1	NA	NA	NA	NA	NA	NA	99
"Pseudolycaena marsyas"	13	237.521204769231	274.942968355089	38.4014905437007	7	-0.974487267447933	0.07	99
"Pseudonacaduba aethiops"	1	NA	NA	NA	NA	NA	NA	99
"Pseudonascus paulliniae"	1	NA	NA	NA	NA	NA	NA	99
"Pseudoneptis bugandensis"	1	NA	NA	NA	NA	NA	NA	99
"Pseudonympha trimenii"	1	NA	NA	NA	NA	NA	NA	99
"Pseudopieris nehemia"	1	NA	NA	NA	NA	NA	NA	99
"Pseudopontia paradoxa"	2	237.604248	271.09657020202	90.9108455768476	23	-0.368408433443828	0.23	99
"Pseudopontia zambezi"	1	NA	NA	NA	NA	NA	NA	99
"Pseudoscada timna"	1	NA	NA	NA	NA	NA	NA	99
"Pseudozizeeria maha"	4	237.621277333333	265.042900244108	56.7539392247509	17	-0.483166865337439	0.17	99
"Psolos fuligo"	2	196.41887	260.093339323232	72.7540174023312	4	-0.875202106999964	0.04	99
"Psychonotis caelius"	1	NA	NA	NA	NA	NA	NA	99
"Ptelina carnuta"	0	NA	NA	NA	NA	NA	NA	99
"Pteronymia aletta"	1	NA	NA	NA	NA	NA	NA	99
"Pteroteinon laufella"	2	271.516683	262.289091717172	73.906111779594	71	0.124855591244567	0.71	99
"Pterourus glaucus"	11	244.454836909091	276.759074246832	40.3259997377213	9	-0.801077159843439	0.09	99
"Pterourus troilus"	4	263.096264333333	275.152121057239	63.6414272365527	75	-0.189434103655384	0.75	99
"Ptychandra lorquinii"	1	NA	NA	NA	NA	NA	NA	99
"Pycina zamba"	1	NA	NA	NA	NA	NA	NA	99
"Pyrgus albescens"	1	NA	NA	NA	NA	NA	NA	99
"Pyrgus carthami"	3	244.032155333333	282.39587	88.5067281012638	30	-0.433455348420216	0.3	99
"Pyrgus malvae"	1	NA	NA	NA	NA	NA	NA	99
"Pyrgus scriptura"	1	NA	NA	NA	NA	NA	NA	99
"Pyrisitia lisa"	1	NA	NA	NA	NA	NA	NA	99
"Pyrisitia proterpia"	1	NA	NA	NA	NA	NA	NA	99
"Pyronia tithonus"	2	187.64298	269.285195787879	91.1899814759485	4	-0.895298085014	0.04	99
"Pyrrhiades lucagus"	1	NA	NA	NA	NA	NA	NA	99
"Pyrrhocalles antiqua"	1	NA	NA	NA	NA	NA	NA	99
"Pyrrhochalcia iphis"	7	247.380514571429	263.137668141414	40.4794035352493	32	-0.389263482014114	0.32	99
"Pyrrhogyra neaerea"	1	NA	NA	NA	NA	NA	NA	99
"Pyrrhogyra otolais"	1	NA	NA	NA	NA	NA	NA	99
"Pyrrhopyge crida"	1	NA	NA	NA	NA	NA	NA	99
"Pyrrhopyge phidias"	3	235.691145333333	288.001117892256	100.155838886693	16	-0.522285801211265	0.16	99
"Pyrrhopygopsis socrates"	1	NA	NA	NA	NA	NA	NA	99
"Pythonides jovianus"	1	NA	NA	NA	NA	NA	NA	99
"Quadrus cerialis"	2	264.788852	263.24015169697	85.361462044001	64	0.0181428511877178	0.64	99
"Quedara monteithi"	1	NA	NA	NA	NA	NA	NA	99
"Quinta cannae"	2	76.4774	276.05263040404	106.576208318788	1	-1.87260584282635	0.01	99
"Rachana jalindra"	1	NA	NA	NA	NA	NA	NA	99
"Ragadia luzonia"	0	NA	NA	NA	NA	NA	NA	99
"Ragadia makuta"	0	NA	NA	NA	NA	NA	NA	99
"Rapala varuna"	8	232.094366	277.753198759019	53.7358518272831	3	-0.849690313010664	0.03	99
"Rathinda amor"	15	238.276975104762	271.580104342857	35.7762434059612	5	-0.930872726356343	0.05	99
"Ravenna niveus"	1	NA	NA	NA	NA	NA	NA	99
"Rekoa meton"	1	NA	NA	NA	NA	NA	NA	99
"Reliquia santamarta"	1	NA	NA	NA	NA	NA	NA	99
"Remelana jangala"	10	234.293879933333	271.304541992144	40.6196643404322	4	-0.911151351439664	0.04	99
"Rhabdodryas trite"	2	237.158162	271.399559656566	89.9071363113721	21	-0.380852945176439	0.21	99
"Rhetus dysonii"	1	NA	NA	NA	NA	NA	NA	99
"Rhinopalpa polynice"	1	NA	NA	NA	NA	NA	NA	99
"Rhinthon cubana"	2	76.4774	276.05263040404	106.576208318788	1	-1.87260584282635	0.01	99
"Rimisia miris"	1	NA	NA	NA	NA	NA	NA	99
"Rohana parisatis"	1	NA	NA	NA	NA	NA	NA	99
"Sabera caesina"	1	NA	NA	NA	NA	NA	NA	99
"Sahulana scintillata"	2	237.158162	271.399559656566	89.9071363113721	21	-0.380852945176439	0.21	99
"Saigusaozephyrus atabyrius"	1	NA	NA	NA	NA	NA	NA	99
"Sais rosalia"	1	NA	NA	NA	NA	NA	NA	99
"Salanoemia sala"	1	NA	NA	NA	NA	NA	NA	99
"Sarangesa dasahara"	3	241.451373333333	267.639512121212	65.4705301672952	20	-0.39999888073246	0.2	99
"Saribia perroti"	1	NA	NA	NA	NA	NA	NA	99
"Sarmientoia eriopis"	1	NA	NA	NA	NA	NA	NA	99
"Sarota myrtea"	5	248.7323168	277.804192917172	61.7920892209468	31	-0.470478931586549	0.31	99
"Sasakia charonda"	1	NA	NA	NA	NA	NA	NA	99
"Satarupa gopala"	1	NA	NA	NA	NA	NA	NA	99
"Satarupa nymphalis"	1	NA	NA	NA	NA	NA	NA	99
"Satyrium eximia"	2	222.29648	269.431365292929	94.5067206163663	6	-0.498746385288991	0.06	99
"Satyrium pruni"	2	197.92288	278.374405646465	106.351840814923	5	-0.756465755834623	0.05	99
"Satyrium tengstroemi"	1	NA	NA	NA	NA	NA	NA	99
"Satyrotaygetis satyrina"	2	213.46856	252.24639859596	45.5547930480094	7	-0.851235095176317	0.07	99
"Satyrus ferula"	1	NA	NA	NA	NA	NA	NA	99
"Scolitantides orion"	1	NA	NA	NA	NA	NA	NA	99
"Scolitantides vicrama"	1	NA	NA	NA	NA	NA	NA	99
"Selenophanes cassiope"	1	NA	NA	NA	NA	NA	NA	99
"Semalea pulvina"	1	NA	NA	NA	NA	NA	NA	99
"Semanga superba"	7	239.19071447619	262.639209151515	39.8369814650393	13	-0.588611230394124	0.13	99
"Sephisa chandra"	1	NA	NA	NA	NA	NA	NA	99
"Sericinus montela"	1	NA	NA	NA	NA	NA	NA	99
"Seseria dohertyi"	1	NA	NA	NA	NA	NA	NA	99
"Sevenia amulia"	1	NA	NA	NA	NA	NA	NA	99
"Shaanxiana takashimai"	1	NA	NA	NA	NA	NA	NA	99
"Shijimiaeoides divina"	1	NA	NA	NA	NA	NA	NA	99
"Shirozua jonasi"	20	316.128321263158	269.093849059383	26.6877948261905	93	1.76239635047016	0.93	99
"Shizuyaozephyrus kyokoae"	1	NA	NA	NA	NA	NA	NA	99
"Sibataniozephyrus fujisanus"	1	NA	NA	NA	NA	NA	NA	99
"Siderone galanthis"	1	NA	NA	NA	NA	NA	NA	99
"Signeta flammeata"	1	NA	NA	NA	NA	NA	NA	99
"Simiskina phalia"	1	NA	NA	NA	NA	NA	NA	99
"Siproeta epaphus"	2	136.87521	274.376178626263	100.811345117436	4	-1.36394339809758	0.04	99
"Sithon nedymond"	2	271.517133	267.066117545455	82.6911109524865	76	0.053827012399228	0.76	99
"Sloperia proto"	1	NA	NA	NA	NA	NA	NA	99
"Smyrna blomfildia"	1	NA	NA	NA	NA	NA	NA	99
"Sophista latifasciata"	2	271.825288	274.192174454545	98.216422811125	93	-0.0240986831611359	0.93	99
"Spalgis epeus"	0	NA	NA	NA	NA	NA	NA	99
"Spalgis lemolea"	0	NA	NA	NA	NA	NA	NA	99
"Spathilepia clonius"	1	NA	NA	NA	NA	NA	NA	99
"Spialia colotes"	1	NA	NA	NA	NA	NA	NA	99
"Spialia orbifer"	1	NA	NA	NA	NA	NA	NA	99
"Spioniades artemides"	1	NA	NA	NA	NA	NA	NA	99
"Splendeuptychia doxes"	1	NA	NA	NA	NA	NA	NA	99
"Splendeuptychia libitina"	1	NA	NA	NA	NA	NA	NA	99
"Stallingsia maculosus"	1	NA	NA	NA	NA	NA	NA	99
"Staphylus ceos"	1	NA	NA	NA	NA	NA	NA	99
"Staphylus hayhurstii"	1	NA	NA	NA	NA	NA	NA	99
"Steroma bega"	1	NA	NA	NA	NA	NA	NA	99
"Stibochiona coresia"	1	NA	NA	NA	NA	NA	NA	99
"Stichelia bocchoris"	1	NA	NA	NA	NA	NA	NA	99
"Stichophthalma howqua"	2	213.46789	258.148933737374	58.7506971192658	3	-0.760519379824035	0.03	99
"Stinga morrisoni"	1	NA	NA	NA	NA	NA	NA	99
"Strymon melinus"	13	227.347404974359	273.279708916343	36.567108169626	1	-1.25610982768763	0.01	99
"Stugeta bowkeri"	3	192.426951333333	265.343237569024	65.6158820872621	2	-1.11125971207275	0.02	99
"Stygionympha vigilans"	2	161.60271	248.229924070707	23.0068830054567	2	-3.76527381176151	0.02	99
"Suada swerga"	1	NA	NA	NA	NA	NA	NA	99
"Suastus gremius"	1	NA	NA	NA	NA	NA	NA	99
"Suniana sunias"	1	NA	NA	NA	NA	NA	NA	99
"Surendra quercetorum"	1	NA	NA	NA	NA	NA	NA	99
"Symbrenthia hippoclus"	1	NA	NA	NA	NA	NA	NA	99
"Symmachia rubina"	4	240.354574833333	263.407797257576	54.6055132932469	23	-0.422177561090584	0.23	99
"Symphaedra nais"	5	225.1965446	269.131722569697	53.3752413485487	4	-0.823137785603504	0.04	99
"Synale cynaxa"	1	NA	NA	NA	NA	NA	NA	99
"Synapte silius"	1	NA	NA	NA	NA	NA	NA	99
"Synargis calyce"	3	235.295921333333	260.44967203367	48.9751780618704	10	-0.51360202649105	0.1	99
"Systasea zampa"	1	NA	NA	NA	NA	NA	NA	99
"Tagiades flesus"	4	236.034561	267.804976190236	56.1190924622564	11	-0.566124892550664	0.11	99
"Tagiades gana"	1	NA	NA	NA	NA	NA	NA	99
"Tagiades japetus"	2	271.51699	263.11159259596	73.0338125695525	78	0.115089122535342	0.78	99
"Tagiades litigiosa"	3	260.859162	269.563411636364	67.7748846655328	65	-0.128428837309261	0.65	99
"Tajuria cippus"	1	NA	NA	NA	NA	NA	NA	99
"Talbotia naganum"	3	193.411886	267.727439521886	71.2005771058368	3	-1.0437493141582	0.03	99
"Talicada nyseus"	1	NA	NA	NA	NA	NA	NA	99
"Talides sinois"	1	NA	NA	NA	NA	NA	NA	99
"Tanaecia lepidea"	3	227.884616666667	276.083645070707	80.9571463193825	9	-0.59536471572122	0.09	99
"Tapena thwaitesi"	1	NA	NA	NA	NA	NA	NA	99
"Taractrocera luzonensis"	1	NA	NA	NA	NA	NA	NA	99
"Taractrocera maevius"	1	NA	NA	NA	NA	NA	NA	99
"Taraka hamada"	0	NA	NA	NA	NA	NA	NA	99
"Tarsoctenus corytus"	1	NA	NA	NA	NA	NA	NA	99
"Tartesa astarte"	1	NA	NA	NA	NA	NA	NA	99
"Tarucus theophrastus"	1	NA	NA	NA	NA	NA	NA	99
"Tatochila autodice"	5	216.9971398	258.973028553535	41.6576251512657	1	-1.00763998430333	0.01	99
"Taxila haquinus"	1	NA	NA	NA	NA	NA	NA	99
"Taygetina kerea"	1	NA	NA	NA	NA	NA	NA	99
"Taygetis virgilia"	1	NA	NA	NA	NA	NA	NA	99
"Taygetis ypthima"	1	NA	NA	NA	NA	NA	NA	99
"Tegosa claudina"	3	171.460316	277.655129804714	86.8107169952923	2	-1.22329151837869	0.02	99
"Teinopalpus imperialis"	3	271.722263333333	268.536244740741	71.2186058062944	89	0.0447357619055074	0.89	99
"Telemiades amphion"	2	242.30299	269.517392757576	91.5203578908233	27	-0.297359007162542	0.27	99
"Telicota augias"	2	149.376799	251.263835858586	46.1643045125458	2	-2.20705235212407	0.02	99
"Tellervo assarica"	1	NA	NA	NA	NA	NA	NA	99
"Tellervo zoilus"	3	226.368834666667	266.581257851852	65.9651077017507	8	-0.609601417873801	0.08	99
"Temenis laothoe"	2	237.158082	281.219572525253	104.109705943301	17	-0.423221736398417	0.17	99
"Teniorhinus harona"	1	NA	NA	NA	NA	NA	NA	99
"Teniorhinus watsoni"	1	NA	NA	NA	NA	NA	NA	99
"Teracolus subfasciatus"	1	NA	NA	NA	NA	NA	NA	99
"Teratoneura isabellae"	0	NA	NA	NA	NA	NA	NA	99
"Teratozephyrus arisanus"	1	NA	NA	NA	NA	NA	NA	99
"Terenthina terentia"	1	NA	NA	NA	NA	NA	NA	99
"Terinos clarissa"	3	227.887744	269.425903016835	70.9022265950783	8	-0.585851263234072	0.08	99
"Terinos terpander"	1	NA	NA	NA	NA	NA	NA	99
"Teriocolias zelia"	1	NA	NA	NA	NA	NA	NA	99
"Teriomima subpunctata"	0	NA	NA	NA	NA	NA	NA	99
"Texola elada"	2	208.31719	278.246414878788	105.685706139841	5	-0.661671548906139	0.05	99
"Thaduka multicaudata"	1	NA	NA	NA	NA	NA	NA	99
"Thaleropis ionia"	2	231.572316	267.825455010101	93.1724410966545	15	-0.389097232866241	0.15	99
"Thamala marciana"	1	NA	NA	NA	NA	NA	NA	99
"Thauria aliris"	1	NA	NA	NA	NA	NA	NA	99
"Theagenes dichrous"	1	NA	NA	NA	NA	NA	NA	99
"Thecla betulae"	2	222.296936	283.402859343434	111.903918952773	7	-0.546057045323167	0.07	99
"Theclinesthes miskini"	4	228.377904333333	283.462059274411	74.3200642493125	5	-0.741174748669394	0.05	99
"Theclopsis lydus"	1	NA	NA	NA	NA	NA	NA	99
"Theope publius"	4	249.758064833333	282.805782688552	81.0533374241142	41	-0.407728033236875	0.41	99
"Theope terambus"	1	NA	NA	NA	NA	NA	NA	99
"Theope virgilius"	16	241.577741075	271.95096160463	33.9800853565355	10	-0.893853567786517	0.1	99
"Thereus orasus"	2	242.77013	268.075627838384	91.908442238112	30	-0.275333769370431	0.3	99
"Theritas mavors"	2	247.469533	262.840246070707	72.1807944875543	53	-0.21294740768415	0.53	99
"Theritas triquetra"	4	241.382912666667	259.127199712121	46.2718127058335	28	-0.383479401558382	0.28	99
"Thespieus macareus"	1	NA	NA	NA	NA	NA	NA	99
"Thestor protumnus"	0	NA	NA	NA	NA	NA	NA	99
"Thisbe irenea"	1	NA	NA	NA	NA	NA	NA	99
"Thisbe lycorias"	1	NA	NA	NA	NA	NA	NA	99
"Thoressa varia"	1	NA	NA	NA	NA	NA	NA	99
"Thorybes bathyllus"	1	NA	NA	NA	NA	NA	NA	99
"Thorybes confusis"	1	NA	NA	NA	NA	NA	NA	99
"Thracides phidon"	2	116.52108	275.474517212121	108.607280366726	3	-1.46356152806142	0.03	99
"Thymelicus lineola"	2	187.64298	269.285195787879	91.1899814759485	4	-0.895298085014	0.04	99
"Thymelicus sylvestris"	1	NA	NA	NA	NA	NA	NA	99
"Thyridia psidii"	1	NA	NA	NA	NA	NA	NA	99
"Tigridia acesta"	2	237.158323	256.832828989899	62.7490998522812	22	-0.31354244182331	0.22	99
"Timelaea albescens"	1	NA	NA	NA	NA	NA	NA	99
"Tirumala limniace"	2	247.46919	255.872587767677	34.7409598943797	43	-0.241887322435103	0.43	99
"Tisiphone abeona"	1	NA	NA	NA	NA	NA	NA	99
"Tithorea tarricina"	1	NA	NA	NA	NA	NA	NA	99
"Tmolus echion"	12	226.4189385	270.030478454392	37.6423544003588	1	-1.15857630717107	0.01	99
"Tomares ballus"	1	NA	NA	NA	NA	NA	NA	99
"Tongeia filicaudis"	1	NA	NA	NA	NA	NA	NA	99
"Tongeia fischeri"	1	NA	NA	NA	NA	NA	NA	99
"Torynesis mintha"	2	187.64298	269.285195787879	91.1899814759485	4	-0.895298085014	0.04	99
"Toxidia parvulus"	1	NA	NA	NA	NA	NA	NA	99
"Toxidia peron"	4	206.591833333333	268.277049868687	58.8380459090609	3	-1.04838995895094	0.03	99
"Trapezites petalia"	1	NA	NA	NA	NA	NA	NA	99
"Trapezites symmomus"	1	NA	NA	NA	NA	NA	NA	99
"Triclema nigeriae"	1	NA	NA	NA	NA	NA	NA	99
"Triclema rufoplagata"	1	NA	NA	NA	NA	NA	NA	99
"Trimenia argyroplaga"	0	NA	NA	NA	NA	NA	NA	99
"Triskelionia tricerata"	1	NA	NA	NA	NA	NA	NA	99
"Trogonoptera brookiana"	1	NA	NA	NA	NA	NA	NA	99
"Troides rhadamantus"	1	NA	NA	NA	NA	NA	NA	99
"Troides richmondia"	1	NA	NA	NA	NA	NA	NA	99
"Tsitana tsita"	1	NA	NA	NA	NA	NA	NA	99
"Turanana endymion"	2	239.74882	285.788909848485	118.592761190242	21	-0.388220068294297	0.21	99
"Tuxentius melaena"	2	225.40275	263.870153252525	72.0209708296635	10	-0.534113922783745	0.1	99
"Udara albocaeruleus"	9	234.447833888889	275.927913037598	43.4628907248322	2	-0.954379206190488	0.02	99
"Udara dilectus"	1	NA	NA	NA	NA	NA	NA	99
"Udaspes folus"	3	212.803986666667	274.586090996633	77.4969834177498	3	-0.797219473652646	0.03	99
"Udranomia kikkawai"	1	NA	NA	NA	NA	NA	NA	99
"Udranomia orcinus"	1	NA	NA	NA	NA	NA	NA	99
"Unkana ambasa"	2	271.51706	262.871439939394	73.2719691361484	78	0.117993554186341	0.78	99
"Urbanus dorantes"	1	NA	NA	NA	NA	NA	NA	99
"Urbanus doryssus"	1	NA	NA	NA	NA	NA	NA	99
"Urbanus esmeraldus"	2	247.46887	278.438662262626	105.256132128403	41	-0.294232664989493	0.41	99
"Urbanus procne"	1	NA	NA	NA	NA	NA	NA	99
"Urbanus proteus"	2	271.51699	254.344920070707	45.4166657724673	81	0.378100629740704	0.81	99
"Vagrans egista"	2	247.469216	277.834345232323	106.271664992192	41	-0.285731189349053	0.41	99
"Vanessa atalanta"	2	146.93824	262.602272757576	86.822223165868	3	-1.33219386166382	0.03	99
"Vanessa indica"	5	185.4559052	262.454748230303	47.8662145057865	1	-1.6086261223142	0.01	99
"Vanessa tameamea"	1	NA	NA	NA	NA	NA	NA	99
"Vanessula milca"	1	NA	NA	NA	NA	NA	NA	99
"Vansomerenia rogersi"	1	NA	NA	NA	NA	NA	NA	99
"Veladyris pardalis"	1	NA	NA	NA	NA	NA	NA	99
"Venada nevada"	1	NA	NA	NA	NA	NA	NA	99
"Vertica verticalis"	1	NA	NA	NA	NA	NA	NA	99
"Vettius lafrenaye"	1	NA	NA	NA	NA	NA	NA	99
"Vindula arsinoe"	1	NA	NA	NA	NA	NA	NA	99
"Wagimo signata"	1	NA	NA	NA	NA	NA	NA	99
"Wallengrenia otho"	1	NA	NA	NA	NA	NA	NA	99
"Wallengrenia premnas"	1	NA	NA	NA	NA	NA	NA	99
"Xanthodisca vibius"	1	NA	NA	NA	NA	NA	NA	99
"Xanthotaenia busiris"	1	NA	NA	NA	NA	NA	NA	99
"Xeniades orchamus"	2	213.46856	273.818258272727	98.5556767515982	5	-0.612341168584676	0.05	99
"Xenophanes tryxus"	1	NA	NA	NA	NA	NA	NA	99
"Xois sesara"	1	NA	NA	NA	NA	NA	NA	99
"Yamamotozephyrus kwangtungensis"	1	NA	NA	NA	NA	NA	NA	99
"Yanguna cosyra"	1	NA	NA	NA	NA	NA	NA	99
"Yoma sabina"	2	266.35092	264.970014353535	72.6939311310012	58	0.0189961613711074	0.58	99
"Ypthima argus"	2	187.64298	269.285195787879	91.1899814759485	4	-0.895298085014	0.04	99
"Ypthimomorpha itonia"	1	NA	NA	NA	NA	NA	NA	99
"Yramea cytheris"	1	NA	NA	NA	NA	NA	NA	99
"Zaretis callidryas"	1	NA	NA	NA	NA	NA	NA	99
"Zaretis isidora"	2	231.571646	267.070258686869	81.7966741739197	14	-0.433986015267442	0.14	99
"Zegris eupheme"	2	163.20188	266.286827383838	83.1441645589642	2	-1.23983382274209	0.02	99
"Zela zeus"	1	NA	NA	NA	NA	NA	NA	99
"Zemeros flegyas"	1	NA	NA	NA	NA	NA	NA	99
"Zenonia zeno"	1	NA	NA	NA	NA	NA	NA	99
"Zerene cesonia"	1	NA	NA	NA	NA	NA	NA	99
"Zerynthia cerisyi"	1	NA	NA	NA	NA	NA	NA	99
"Zerynthia polyxena"	1	NA	NA	NA	NA	NA	NA	99
"Zesius chrysomallus"	8	244.538898607143	274.193028796537	47.3274678252259	18	-0.62657335268607	0.18	99
"Zestusa dorus"	1	NA	NA	NA	NA	NA	NA	99
"Zethera pimplea"	1	NA	NA	NA	NA	NA	NA	99
"Ziegleria hesperitis"	2	271.517133	272.584928111111	89.9787494152491	81	-0.0118671921764916	0.81	99
"Zinaspa youngi"	1	NA	NA	NA	NA	NA	NA	99
"Zintha hintza"	2	271.824905	277.556463575758	97.6191515365494	92	-0.0587134643719135	0.92	99
"Zizeeria karsandra"	5	232.2342136	267.247372852525	50.8833767759494	5	-0.68810604702388	0.05	99
"Zizeeria knysna"	8	232.356802892857	268.984318537879	42.1687927736739	3	-0.868592938896945	0.03	99
"Zizina otis"	1	NA	NA	NA	NA	NA	NA	99
"Zizula hylax"	6	194.8560758	268.677023594613	50.8905473838171	1	-1.45058270326421	0.01	99
"Zographetus ogygia"	2	271.51699	254.344920070707	45.4166657724673	81	0.378100629740704	0.81	99
"Zophopetes cerymica"	1	NA	NA	NA	NA	NA	NA	99
"Zophopetes dysmephila"	1	NA	NA	NA	NA	NA	NA	99
