"PD"	"SR"
"Abaeis nicippe"	325.050502	1
"Abananote abana"	0	0
"Abantis tettensis"	325.050645	1
"Abisara bifasciata"	325.050484	1
"Abisara burnii"	325.050484	1
"Abisara geza"	325.050484	1
"Abisara kausambi"	325.050484	1
"Abraximorpha davidii"	325.050892	1
"Abrota ganga"	447.456212	2
"Acada biseriata"	325.050502	1
"Achalarus casica"	0	0
"Achalarus lyciades"	448.784822	2
"Achalarus toxeus"	325.050502	1
"Achlyodes busirus"	325.049924	1
"Achlyodes pallida"	325.049924	1
"Acleros ploetzi"	0	0
"Acraea horta"	419.412698	2
"Acrodipsas myrmecophila"	0	0
"Acrophtalmia artemis"	0	0
"Acrophtalmia leuce"	0	0
"Acytolepis puspa"	1626.226815	13
"Adelpha mesentina"	325.050262	1
"Adopaeoides prittwitzi"	0	0
"Aemona amathusia"	0	0
"Aeria eurimedia"	325.050552	1
"Aeromachus stigmata"	325.049505	1
"Aeropetes tulbaghia"	325.050732	1
"Aethiopana honorius"	0	0
"Afarsia morgiana"	325.050502	1
"Afrodryas leda"	391.686565	2
"Agatasa calydonia"	325.05054	1
"Agathymus aryxna"	325.050132	1
"Agathymus mariae"	325.050132	1
"Aglais io"	477.689962	3
"Aglais urticae"	398.519362	2
"Agraulis vanillae"	325.050658	1
"Agriades optilete"	325.050542	1
"Aguna asander"	325.050502	1
"Aguna claxon"	0	0
"Aguna metophis"	325.050502	1
"Ahmetia achaja"	0	0
"Aides duma"	325.050282	1
"Alaena amazoula"	0	0
"Alenia namaqua"	325.049922	1
"Allora major"	0	0
"Allotinus fallax"	0	0
"Allotinus unicolor"	0	0
"Aloeides pierus"	325.050502	1
"Alpherakya sarta"	325.051262	1
"Altinote neleus"	0	0
"Altinote tenebrosa"	0	0
"Altopedaliodes tena"	0	0
"Amathusia phidippus"	423.259982	2
"Amauris niavius"	414.801742	2
"Amblopala avidiena"	325.050502	1
"Amblypodia narada"	448.785655	2
"Amblyscirtes eos"	0	0
"Amblyscirtes simius"	325.050732	1
"Amnosia decora"	0	0
"Ampittia dioscorides"	325.050732	1
"Ampittia virgata"	325.050732	1
"Anaea troglodyta"	448.784971	2
"Anartia jatrophae"	649.084821	6
"Anastrus sempiternus"	325.050685	1
"Anatrytone logan"	325.050732	1
"Ancema ctesia"	325.05083	1
"Ancistroides gemmifer"	325.050972	1
"Ancyloxypha numitor"	325.050732	1
"Andronymus neander"	325.050502	1
"Anetia briarea"	437.391584	2
"Anetia thirza"	325.050552	1
"Anisynta cynone"	325.050732	1
"Anisynta dominula"	325.050732	1
"Anisynta tillyardi"	325.050732	1
"Ankola fan"	0	0
"Antanartia delius"	325.050262	1
"Anteos maerula"	325.050502	1
"Anteros formosus"	417.314485	2
"Anthanassa texana"	431.791422	2
"Anthene larydas"	440.836557	2
"Anthocharis belia"	325.050395	1
"Anthocharis cardamines"	325.050395	1
"Anthoptus epictetus"	0	0
"Antigius attilia"	325.050512	1
"Antillea pelops"	325.049922	1
"Antipodia atralba"	325.050752	1
"Antipodia chaostola"	325.050752	1
"Antirrhea philaretes"	325.050282	1
"Apallaga opalinus"	325.049922	1
"Apatura metis"	325.050658	1
"Apaturina erminia"	325.050872	1
"Apaturopsis cleochares"	0	0
"Aphantopus hyperantus"	418.872232	2
"Aphnaeus orcas"	1189.51379	9
"Aphrissa boisduvalii"	0	0
"Aphrissa statira"	567.364324	3
"Aphysoneura pigmentaria"	325.050732	1
"Apodemia chisosensis"	325.050892	1
"Apodemia duryi"	0	0
"Apodemia hepburni"	0	0
"Apodemia mormo"	325.050152	1
"Apodemia murphyi"	0	0
"Apodemia palmerii"	325.050502	1
"Aponarope sutor"	0	0
"Aporia agathon"	325.050692	1
"Aporia crataegi"	325.050892	1
"Apostictopterus fuliginosus"	0	0
"Appias lasti"	542.77174	3
"Appias libythea"	407.552165	3
"Appias paulina"	443.629524	2
"Apyrrothrix araxes"	325.050512	1
"Araotes lapithis"	325.05054	1
"Araragi enthea"	422.930042	2
"Araschnia levana"	325.050262	1
"Arawacus aetolus"	0	0
"Arcas imperialis"	325.05054	1
"Archaeoprepona demophon"	801.45159	5
"Archaeoprepona meander"	325.050763	1
"Archon apollinus"	325.05077	1
"Archonias brassolis"	0	0
"Arethusana arethusa"	325.050732	1
"Argon lota"	0	0
"Argynnina cyrila"	325.050732	1
"Argynnis aglaja"	448.784878	2
"Argynnis anadyomene"	325.050678	1
"Argynnis hyperbius"	325.050678	1
"Argynnis laodice"	440.836938	2
"Argynnis nerippe"	325.050678	1
"Argynnis paphia"	440.836938	2
"Argynnis sagana"	325.050678	1
"Argyraspodes argyraspis"	0	0
"Argyrophorus argenteus"	325.050732	1
"Arhopala bazalus"	325.050512	1
"Arhopala muta"	325.050512	1
"Arhopala thamyras"	325.050667	1
"Ariadne ariadne"	325.050651	1
"Aricia agestis"	442.044085	2
"Arita arita"	0	0
"Aroma aroma"	325.050732	1
"Arotis derasa"	0	0
"Arrhenes dschilus"	325.050732	1
"Arrhenes marnas"	325.050732	1
"Arteurotia tractipennis"	325.050651	1
"Artipe eryx"	325.050502	1
"Artitropa comus"	325.050132	1
"Artitropa erinnys"	325.050132	1
"Artopoetes pryeri"	325.050562	1
"Asbolis capucinus"	325.050282	1
"Ascia monuste"	555.789365	5
"Aslauga marshalli"	0	0
"Aspitha aspitha"	0	0
"Asterocampa celtis"	325.050872	1
"Asterope markii"	0	0
"Astictopterus jama"	325.050732	1
"Astraptes alector"	325.050502	1
"Astraptes anaphus"	325.050502	1
"Astraptes enotrus"	0	0
"Astraptes talus"	443.629764	2
"Atalopedes campestris"	325.050732	1
"Atarnes sallei"	325.05054	1
"Aterica rabena"	0	0
"Athyma perius"	325.050667	1
"Atlantea perezi"	0	0
"Atlides halesus"	325.05083	1
"Atrophaneura alcinous"	460.963482	2
"Atrophaneura coon"	460.963428	2
"Atrophaneura neptunus"	325.05077	1
"Atrophaneura semperi"	325.05077	1
"Atrytone arogos"	325.050732	1
"Atrytonopsis hianna"	325.050732	1
"Aubergina alda"	0	0
"Augiades crinisus"	0	0
"Autochton cellus"	325.050502	1
"Axiocerses harpax"	448.785472	2
"Azanus mirza"	443.629754	2
"Azanus natalensis"	325.050502	1
"Azanus ubaldus"	325.050502	1
"Badamia exclamationis"	638.38437	4
"Baliochila barnesi"	0	0
"Baoris farri"	325.050732	1
"Baoris oceia"	325.050732	1
"Baracus vittatus"	325.050732	1
"Baronia brevicornis"	325.050502	1
"Batesia hypochlora"	0	0
"Battus belus"	325.05077	1
"Battus polydamas"	325.05077	1
"Bebearia sophus"	437.391594	2
"Belenois calypso"	443.629485	2
"Belenois creona"	487.063085	3
"Belenois java"	325.050465	1
"Belenois subeida"	325.050465	1
"Berberia abdelkader"	325.050732	1
"Bhagadatta austenia"	325.050763	1
"Bhutanitis mansfieldi"	325.05077	1
"Bhutanitis thaidina"	325.05077	1
"Bia actorion"	325.050282	1
"Bibasis sena"	567.36355	3
"Biblis hyperia"	440.836281	2
"Bicyclus anynana"	325.050732	1
"Bindahara phocides"	448.785212	2
"Boloria pales"	325.050678	1
"Borbo borbonica"	325.050732	1
"Borbo cinnara"	325.050732	1
"Brassolis sophorae"	481.520562	3
"Brenthis daphne"	440.836938	2
"Brenthis ino"	564.571258	3
"Brephidium exilis"	532.775752	3
"Brevioleria arzalia"	0	0
"Brintesia circe"	325.050732	1
"Bungalotis astylos"	0	0
"Bungalotis erythus"	325.050262	1
"Burara harisa"	567.550842	3
"Burara oedipodea"	443.6292	2
"Burmaozephyrus kothayaungi"	325.050512	1
"Butleria flavomaculatus"	0	0
"Byblia anvatara"	448.785193	2
"Byblia ilithyia"	325.050651	1
"Cabares potrillo"	325.050576	1
"Cacyreus lingeus"	448.785002	2
"Caenides dacela"	325.050282	1
"Calephelis nemesis"	456.731572	2
"Calephelis perditalis"	325.050272	1
"Calephelis virginiensis"	325.050272	1
"Caleta caleta"	325.050852	1
"Caligo eurilochus"	383.311462	2
"Calinaga buddha"	325.050862	1
"Calleagris jamesoni"	325.050502	1
"Callerebia annada"	0	0
"Callicore astarte"	325.050844	1
"Callithomia lenea"	325.050802	1
"Callophrys rubi"	977.042285	7
"Calpodes ethlius"	417.961052	3
"Caltoris cormasa"	325.050732	1
"Calycopis cecrops"	761.55248	5
"Calydna sturnula"	325.050922	1
"Candalides xanthospilos"	325.050705	1
"Caprona pillaana"	325.050645	1
"Capronnieria galesus"	0	0
"Capys alpheus"	325.050662	1
"Carcharodus alceae"	443.629704	2
"Carcharodus lavatherae"	325.050552	1
"Caria ino"	325.050872	1
"Caria mantinea"	0	0
"Carrhenes canescens"	325.050645	1
"Carterocephalus palaemon"	325.050732	1
"Carystus phorcus"	0	0
"Cassionympha cassius"	418.871532	2
"Castalius rosimon"	325.050852	1
"Catacroptera cloanthe"	414.801402	2
"Catapaecilma elegans"	325.050105	1
"Catapaecilma major"	540.268305	3
"Catasticta nimbice"	325.05083	1
"Catochrysops strabo"	443.629754	2
"Catonephele numilia"	584.698038	3
"Catopsilia scylla"	325.050502	1
"Catopyrops ancyra"	627.006897	4
"Celaenorrhinus aurivittata"	325.050562	1
"Celaenorrhinus leucocera"	325.049922	1
"Celaenorrhinus patula"	0	0
"Celastrina argiolus"	971.656942	7
"Celotes nessus"	325.050645	1
"Cephrenes augiades"	325.050282	1
"Cepora nerissa"	325.050465	1
"Ceratinia neso"	325.050802	1
"Ceratrichia phocion"	325.050732	1
"Cerautola ceraunia"	0	0
"Cercyonis oetus"	325.050732	1
"Cercyonis pegala"	460.809186	2
"Cethosia biblis"	325.050658	1
"Cethosia cydippe"	325.050658	1
"Chaetocneme critomedia"	823.622587	5
"Chaetoprocta odata"	325.050542	1
"Chalinga elwesi"	325.0504	1
"Chalodeta lypera"	443.629711	2
"Chalybs janias"	0	0
"Charana mandarinus"	325.050922	1
"Charaxes bernardus"	695.327616	4
"Charaxes brutus"	627.036869	4
"Charaxes contrarius"	325.050502	1
"Charaxes jasius"	1156.572901	8
"Charaxes varanes"	404.967844	2
"Charaxes zoolina"	325.050502	1
"Charis anius"	325.050272	1
"Chazara briseis"	325.050732	1
"Cheritra freja"	579.542517	3
"Chersonesia rahria"	325.050862	1
"Chilades lajus"	523.545834	3
"Chillanella stelligera"	0	0
"Chioides albofasciatus"	325.050502	1
"Chioides catillus"	325.050502	1
"Chiomara asychis"	325.050687	1
"Chiomara georgina"	325.050687	1
"Chiomara mithrax"	325.050552	1
"Chitoria chrysolora"	325.050872	1
"Chloreuptychia arnaca"	325.050732	1
"Chloroselas esmeralda"	0	0
"Chloroselas pseudozeritis"	325.050502	1
"Chlorostrymon simaethis"	448.785164	2
"Chlosyne janais"	325.049922	1
"Choaspes benjaminii"	325.050662	1
"Chondrolepis niveicornis"	325.050732	1
"Choranthus haitensis"	325.050732	1
"Choranthus radians"	325.050732	1
"Chorinea licursis"	0	0
"Chrysoplectrum perniciosus"	0	0
"Chrysoplectrum pervivax"	0	0
"Chrysoritis oreas"	0	0
"Chrysozephyrus ataxus"	325.050512	1
"Chrysozephyrus smaragdina"	436.199212	2
"Cigaritis takanonis"	0	0
"Cigaritis zohra"	443.629595	2
"Cirrochroa aoris"	325.050678	1
"Cirrochroa orissa"	0	0
"Cissia confusa"	630.970222	4
"Cissia labe"	325.050732	1
"Cissia myncea"	325.050732	1
"Cissia palladia"	325.050732	1
"Cissia penelope"	418.872232	2
"Citrinophila erastus"	0	0
"Cobalus calvina"	0	0
"Codatractus alcaeus"	325.050502	1
"Codatractus arizonensis"	325.050502	1
"Codatractus valeriana"	0	0
"Coeliades forestan"	898.65896	6
"Coeliades ramanatek"	325.050872	1
"Coelites nothis"	325.050282	1
"Coenonympha pamphilus"	325.050732	1
"Coenyra hebe"	325.050732	1
"Cogia calchas"	325.050502	1
"Cogia hippalus"	325.050502	1
"Colias croceus"	325.050502	1
"Colias hyale"	325.050502	1
"Colobura dirce"	672.709604	4
"Colotis amata"	391.686565	2
"Colotis evagore"	325.050465	1
"Conga chydaea"	0	0
"Consul fabius"	325.05077	1
"Copaeodes aurantiaca"	325.050732	1
"Corades medeba"	0	0
"Coreana raphaelis"	325.050562	1
"Coreana stygiana"	325.050562	1
"Corticea corticea"	0	0
"Creon cleobis"	325.050922	1
"Creonpyge creon"	325.050262	1
"Cressida cressida"	325.05077	1
"Croitana croites"	325.050732	1
"Croniades pieria"	325.05054	1
"Crudaria leroma"	325.050502	1
"Cunizza hirlanda"	325.050922	1
"Cupha erymanthis"	641.14919	4
"Cupido comyntas"	325.050502	1
"Cupido moorei"	383.149352	2
"Cupidopsis cissus"	325.050502	1
"Cupidopsis jobates"	325.050502	1
"Cupitha purreea"	448.784415	2
"Curetis bulis"	325.050502	1
"Curetis saronis"	325.050502	1
"Curetis tagalica"	325.050502	1
"Cyaniris semiargus"	325.050502	1
"Cybdelis phaesyla"	0	0
"Cyclargus ammon"	443.629754	2
"Cyclargus thomasi"	0	0
"Cycloglypha thrasibulus"	325.05054	1
"Cyclyrius webbianus"	325.050502	1
"Cyllopsis pyracmon"	325.050732	1
"Cymothoe lurida"	325.050678	1
"Cynandra opis"	325.050735	1
"Cynea cynea"	0	0
"Cyrestis acilia"	325.050862	1
"Cyrestis nivea"	325.050862	1
"Dachetola azora"	0	0
"Daedalma dinias"	0	0
"Daimio tethys"	558.688518	3
"Danaus chrysippus"	325.050552	1
"Danaus eresimus"	385.098052	2
"Danaus erippus"	325.050552	1
"Danaus gilippus"	325.050552	1
"Danaus melanippus"	645.278466	4
"Danaus plexippus"	325.050552	1
"Danis danis"	440.836991	2
"Dapidodigma demeter"	440.836528	2
"Darpa pteria"	325.05054	1
"Dasyophthalma rusina"	431.784452	2
"Davidina armandi"	0	0
"Decinea decinea"	0	0
"Delias descombesi"	325.050922	1
"Delias henningia"	325.050922	1
"Delias pasithoe"	406.52363	2
"Deloneura ochrascens"	0	0
"Dercas verhuelli"	325.050502	1
"Detritivora gynaea"	0	0
"Deudorix antalus"	941.816834	7
"Deudorix epijarbas"	767.140883	5
"Diaethria anna"	0	0
"Diaethria clymena"	443.629925	2
"Dianesia carteri"	0	0
"Dichorragia nesimachus"	325.050662	1
"Dilipa morgiana"	0	0
"Dingana dingana"	325.050732	1
"Dione juno"	325.050658	1
"Dira clytus"	325.050732	1
"Dircenna jemina"	0	0
"Discolampa ethion"	325.050852	1
"Discophora celinde"	325.050282	1
"Dismorphia theucharila"	325.050502	1
"Dispar compacta"	533.472742	3
"Dixeia charina"	325.050465	1
"Dixeia doxo"	325.050465	1
"Dodona deodata"	325.050484	1
"Doleschallia bisaltide"	517.296632	3
"Doleschallia polibete"	325.049922	1
"Doxocopa agathina"	325.050872	1
"Drephalys kidonoi"	0	0
"Drupadia ravindra"	560.008334	3
"Dryadula phaetusa"	325.050658	1
"Dryas iulia"	325.050658	1
"Dubiella dubius"	0	0
"Dulcedo polita"	325.050282	1
"Durbania amakosa"	0	0
"Durbaniella clarki"	0	0
"Durbaniopsis saga"	0	0
"Dymasia dymas"	325.049922	1
"Dynamine postverta"	325.050651	1
"Dynastor darius"	325.051232	1
"Dyscophellus porcius"	0	0
"Eagris sabadius"	509.226384	3
"Eantis mithridates"	325.049924	1
"Eantis thraso"	0	0
"Ebusus ebusus"	325.050282	1
"Echinargus isola"	325.050502	1
"Eetion elia"	0	0
"Elbella iphinous"	0	0
"Elbella patrobas"	325.050645	1
"Elbella scylla"	443.6292	2
"Elina montrolii"	325.050732	1
"Elodina padusa"	325.050465	1
"Elymnias hypermnestra"	325.050282	1
"Elymnias nesaea"	325.050282	1
"Elymniopsis bammakoo"	0	0
"Elzunia pavonii"	0	0
"Emesis ares"	325.050512	1
"Emesis brimo"	325.050522	1
"Emesis cypria"	325.050792	1
"Emesis emesia"	325.050502	1
"Emesis lacrines"	630.613361	4
"Emesis lucinda"	325.050302	1
"Emesis mandana"	1195.129093	9
"Emesis ocypore"	325.050792	1
"Emesis tegula"	325.050302	1
"Emesis tenedia"	325.050792	1
"Emesis zela"	0	0
"Eogenes alcides"	0	0
"Eooxylides tharis"	325.050682	1
"Epargyreus clarus"	325.050502	1
"Epargyreus spanna"	0	0
"Ephyriades arcas"	567.36434	3
"Ephyriades brunnea"	440.836947	2
"Epiphile orea"	325.050844	1
"Episcada salvinia"	325.050802	1
"Epitola urania"	0	0
"Epityches eupompe"	325.050802	1
"Eracon paulinus"	0	0
"Erebia epiphron"	325.050732	1
"Erebia ligea"	418.872232	2
"Eretris porphyria"	0	0
"Erikssonia acraeina"	325.050705	1
"Erionota acroleucus"	325.050282	1
"Erionota thrax"	642.926142	5
"Eroessa chiliensis"	0	0
"Eronia cleodora"	391.686565	2
"Erora quaderna"	436.199172	2
"Erynnis brizo"	325.050512	1
"Erynnis horatius"	437.752012	2
"Erynnis tages"	448.784712	2
"Eryphanis automedon"	325.050732	1
"Erysichton lineata"	579.110154	3
"Eteona tisiphone"	0	0
"Etesiolaus catori"	325.050494	1
"Euapatura mirza"	0	0
"Euaspa milionia"	325.050512	1
"Eucheira socialis"	0	0
"Euchloe ausonia"	325.050395	1
"Euchloe ausonides"	325.050395	1
"Euchrysops cnejus"	325.050502	1
"Eueides isabella"	325.050658	1
"Euliphyra hewitsoni"	0	0
"Eumaeus atala"	472.8734	2
"Eumaeus minyas"	325.0504	1
"Eumedonia eumedon"	325.050402	1
"Eunica monima"	404.968324	2
"Euphaedra neophron"	325.050844	1
"Euphilotes enoptes"	325.050152	1
"Euphydryas editha"	414.470472	3
"Euphyes arpa"	325.050282	1
"Euphyes dion"	325.050752	1
"Euploea phaenareta"	448.785462	2
"Euploea radamanthus"	0	0
"Euptoieta claudia"	1281.358078	10
"Euptychoides eugenia"	0	0
"Eurema mandarina"	437.752352	2
"Eurema mexicana"	325.050502	1
"Euriphellus euribates"	325.0502	1
"Euriphene amicia"	0	0
"Euripus nyctelius"	325.050872	1
"Euryades corethrus"	325.05077	1
"Eurybia lycisca"	325.050952	1
"Eurytela dryope"	671.623043	4
"Eurytides dioxippus"	0	0
"Eurytides dolicaon"	325.05054	1
"Eurytides marcellus"	325.05054	1
"Eurytides philolaus"	325.05054	1
"Euschemon rafflesia"	325.050763	1
"Euselasia chrysippe"	325.050735	1
"Euthalia evelina"	683.148992	4
"Euthalia lubentina"	325.050922	1
"Euthaliopsis aetion"	325.050687	1
"Eutresis hypereia"	0	0
"Euxanthe eurinome"	443.629754	2
"Evena crithea"	448.785144	2
"Evenus regalis"	325.050494	1
"Exometoeca nycteris"	0	0
"Exoplisia cadmeis"	325.050645	1
"Falga jeconia"	0	0
"Faunis eumeus"	561.699932	3
"Feniseca tarquinius"	0	0
"Flos apidanus"	515.008885	3
"Forsterinaria pronophila"	0	0
"Fountainea nessus"	325.050262	1
"Fresna netopha"	325.050844	1
"Fresna nyassae"	325.050502	1
"Freyeria trochylus"	564.570847	3
"Gamia buchholzi"	439.650792	2
"Gamia shelleyi"	439.650792	2
"Gandaca harina"	576.749531	3
"Gangara thyrsis"	423.259982	2
"Ganyra josephina"	384.526165	2
"Ganyra phaloe"	0	0
"Gegenes pumilio"	325.050732	1
"Geitoneura klugii"	325.050732	1
"Gerosis bhagava"	0	0
"Gesta gesta"	325.050502	1
"Gideona lucasi"	0	0
"Glabroculus cyane"	325.050352	1
"Glaucopsyche lygdamus"	325.050502	1
"Glennia pylotis"	0	0
"Glutophrissa drusilla"	541.383524	4
"Gnophodes betsimena"	325.050732	1
"Godyris duillia"	0	0
"Gomalia elma"	325.050645	1
"Gonepteryx rhamni"	424.012652	2
"Gonerilia seraphim"	325.050508	1
"Grais stigmaticus"	0	0
"Graphium agamemnon"	433.43054	2
"Graphium evemon"	460.963092	2
"Graphium sarpedon"	669.036903	4
"Greta morgane"	325.050802	1
"Gretna cylinda"	325.050952	1
"Gunayan rubricollis"	0	0
"Gyrocheilus patrobas"	0	0
"Habrodais grunus"	325.050512	1
"Hades noctula"	325.049505	1
"Haematera pyrame"	325.050844	1
"Haetera piera"	0	0
"Halotus rica"	0	0
"Halpe porus"	325.050732	1
"Hamadryas amphinome"	448.784971	2
"Hamanumida daedalus"	584.697245	3
"Hamearis lucina"	325.050484	1
"Harma theobene"	509.413498	3
"Hasora badra"	325.050502	1
"Hasora chromus"	628.694583	4
"Hayashikeia courvoisieri"	0	0
"Hebomoia glaucippe"	407.552165	3
"Helias phalaenoides"	0	0
"Heliconius atthis"	0	0
"Heliconius besckei"	325.050658	1
"Heliconius charithonia"	325.050658	1
"Heliconius cydno"	325.050658	1
"Heliconius eleuchia"	0	0
"Heliconius elevatus"	0	0
"Heliconius erato"	325.050658	1
"Heliconius ethilla"	325.050658	1
"Heliconius hecale"	325.050658	1
"Heliconius hermathena"	325.050658	1
"Heliconius heurippa"	325.050658	1
"Heliconius hewitsoni"	0	0
"Heliconius himera"	325.050658	1
"Heliconius hortense"	0	0
"Heliconius ismenius"	325.050658	1
"Heliconius melpomene"	325.050658	1
"Heliconius numata"	325.050658	1
"Heliconius pardalinus"	325.050658	1
"Heliconius ricini"	325.050658	1
"Heliconius sapho"	325.050658	1
"Heliconius sara"	325.050658	1
"Heliconius timareta"	0	0
"Heliconius wallacei"	325.050658	1
"Heliconius xanthocles"	325.050658	1
"Helicopis cupido"	0	0
"Heliopetes ericetorum"	325.050645	1
"Heliophorus epicles"	325.050152	1
"Heliopyrgus domicella"	0	0
"Hemiolaus caeculus"	325.050922	1
"Heraclides aristodemus"	325.049924	1
"Heraclides cresphontes"	325.049924	1
"Heraclides thoas"	460.962694	2
"Herimosa albovenata"	325.050732	1
"Hermeuptychia hermes"	325.050732	1
"Hermeuptychia sosybius"	325.050732	1
"Herona marathus"	325.050872	1
"Hesperia comma"	554.630612	3
"Hesperia meskei"	325.050732	1
"Hesperilla ornata"	325.050752	1
"Hesperocharis marchalii"	325.050395	1
"Hesperopsis alpheus"	325.050352	1
"Hestina assimilis"	325.050872	1
"Hestinalis nama"	325.050262	1
"Hestina persimilis"	325.050872	1
"Heteronympha merope"	418.872232	2
"Heteropterus morpheus"	418.872232	2
"Heterosais nephele"	0	0
"Hewitsonia intermedia"	0	0
"Hewitsoniella migonitis"	0	0
"Hidari irava"	431.784452	2
"Hipparchia senthes"	0	0
"Historis odius"	325.050262	1
"Horaga onyx"	695.328373	4
"Howarthia caelestis"	325.050542	1
"Hyarotis adrastus"	325.050282	1
"Hylephila phyleus"	325.050732	1
"Hypanartia lethe"	398.519362	2
"Hypaurotis crysalus"	325.050512	1
"Hypermnestra helios"	325.050902	1
"Hyphilaria thasus"	325.050532	1
"Hypna clytemnestra"	325.050651	1
"Hypochrysops polycletus"	325.050687	1
"Hypoleria lavinia"	325.050802	1
"Hypoleucis tripunctata"	325.050972	1
"Hypolimnas anthedon"	448.784582	2
"Hypolimnas bolina"	1194.416365	10
"Hypolimnas misippus"	832.510695	7
"Hypolycaena phorbas"	1435.171284	11
"Hypolycaena sipylus"	448.785235	2
"Hyponephele lycaon"	325.050732	1
"Hypothyris euclea"	325.050802	1
"Hypsochila wagenknechti"	325.050395	1
"Iambrix salsala"	325.050732	1
"Idea leuconoe"	325.050552	1
"Ideopsis gaura"	325.050552	1
"Ideopsis vitrea"	431.792022	2
"Inbio hilara"	325.050732	1
"Iolana iolas"	325.050502	1
"Iolaus bellina"	0	0
"Iophanus pyrrhias"	0	0
"Iphiclides podalirius"	325.050892	1
"Ipidecla miadora"	325.050502	1
"Iraota rochana"	325.050862	1
"Iratsume orsedice"	447.456212	2
"Iridana perdita"	0	0
"Isma bononia"	325.050732	1
"Isoteinon lamprospilus"	325.050732	1
"Issoria baumanni"	325.050678	1
"Issoria lathonia"	677.272748	4
"Ithomia drymo"	325.050802	1
"Ithomia patilla"	325.050802	1
"Ixias pyrene"	325.050465	1
"Jacoona anasuja"	325.050922	1
"Jalmenus evagoras"	325.050502	1
"Jameela palmyra"	325.050922	1
"Jamides bochus"	325.050502	1
"Japonica saepestriata"	325.050512	1
"Jemadia pseudognetus"	325.050763	1
"Jonaspyge aesculapus"	0	0
"Juditha caucana"	564.570767	3
"Junea doraete"	0	0
"Junonia coenia"	557.778642	6
"Junonia natalica"	372.321322	2
"Kallima limborgii"	325.049922	1
"Kallima paralekta"	325.049922	1
"Kallimoides rumia"	0	0
"Kaniska canace"	380.626882	2
"Kedestes barberae"	325.050732	1
"Kirinia epimenides"	0	0
"Kisutam syllis"	0	0
"Kolana ligurina"	0	0
"Kretania psylorita"	325.050502	1
"Kricogonia lyside"	325.050902	1
"Lachnocnema bibulus"	0	0
"Lachnoptera ayresii"	419.915951	2
"Laeosopis roboris"	325.050562	1
"Lampides boeticus"	325.050502	1
"Lamprolenis nitida"	0	0
"Lamproptera curius"	325.05036	1
"Lamproptera meges"	325.05036	1
"Laothus barajo"	325.050272	1
"Lasaia agesilas"	325.050502	1
"Lasaia sula"	325.050502	1
"Lasiommata megera"	325.050732	1
"Lebadea martha"	564.571421	3
"Lemonias zygia"	0	0
"Leodonta tellane"	325.05083	1
"Lep accepted name"	0	0
"Lepella lepeletier"	325.050972	1
"Lepidochrysops patricia"	372.321976	2
"Leptalina unicolor"	325.050732	1
"Leptidea juvernica"	325.050502	1
"Leptidea reali"	0	0
"Leptidea sinapis"	325.050502	1
"Leptomyrina gorgias"	448.785612	2
"Leptophobia eleone"	0	0
"Leptosia alcesta"	448.784785	2
"Leptotes cassius"	448.784902	2
"Lerema accius"	325.050732	1
"Lerodea eufala"	418.872232	2
"Lethe anthedon"	460.809295	2
"Lethe dura"	325.050732	1
"Lethe europa"	325.050732	1
"Lethe rohria"	325.050732	1
"Leucantigius atayalica"	325.050512	1
"Leucidia brephos"	325.050502	1
"Leucochimona icare"	325.050502	1
"Leucochitonea levubu"	325.050645	1
"Lexias aeropa"	325.050687	1
"Libythea celtis"	325.050872	1
"Libythea lepita"	325.050872	1
"Lieinix nemesis"	325.050502	1
"Limenitis arthemis"	748.826504	5
"Limenitis cottini"	325.050658	1
"Limenitis populi"	325.050658	1
"Limenitis sulpitia"	325.050432	1
"Lipaphnaeus aderna"	325.050484	1
"Liphyra brassolis"	0	0
"Logania malayica"	0	0
"Lopinga deidamia"	325.050732	1
"Lotongus calathus"	325.050282	1
"Loxura atymnus"	444.822932	2
"Lucia limbaria"	325.050771	1
"Lucinia cadma"	325.050552	1
"Luehdorfia japonica"	325.05077	1
"Luehdorfia puziloi"	325.05077	1
"Luthrodes cleotas"	325.0504	1
"Lycaena hippothoe"	325.050152	1
"Lycas argentea"	325.050952	1
"Lychnuchoides ozias"	0	0
"Lycorea halia"	567.364235	3
"Lysandra coridon"	325.050502	1
"Macrosoma hyacinthina"	325.050645	1
"Macrosoma rubedinaria"	325.050645	1
"Macrosoma tipulata"	325.050645	1
"Magnastigma hirsuta"	0	0
"Magneuptychia alcinoe"	325.050732	1
"Magneuptychia libye"	325.050732	1
"Magneuptychia ocnus"	0	0
"Mahathala ameria"	448.784961	2
"Manataria hercyna"	325.050732	1
"Mandarinia regalis"	0	0
"Maniola jurtina"	325.050732	1
"Manto hypoleuca"	0	0
"Marpesia eleuchea"	325.050862	1
"Matapa aria"	325.050732	1
"Mathania aureomaculata"	0	0
"Maurus vogelii"	325.050402	1
"Mcclungia cymo"	325.050802	1
"Meandrusa lachinus"	0	0
"Mechanitis lysimnia"	325.050802	1
"Mechanitis polymnia"	325.050802	1
"Megathymus streckeri"	325.050132	1
"Megathymus ursus"	325.050132	1
"Megathymus yuccae"	325.050132	1
"Megeuptychia antonoe"	325.050952	1
"Megisba malaya"	559.416123	3
"Megisto cymela"	325.050732	1
"Megisto rubricata"	325.050732	1
"Melampias huebneri"	325.050732	1
"Melanargia galathea"	325.050732	1
"Melanis pixe"	325.050502	1
"Melanitis leda"	325.050732	1
"Melanocyma faunula"	0	0
"Melanolycaena altimontana"	0	0
"Melete lycimnia"	325.05083	1
"Melinaea menophilus"	0	0
"Melitaea cinxia"	431.792032	2
"Melphinyet flavina"	325.050651	1
"Melphinyet tarace"	0	0
"Memphis pithyusa"	325.050651	1
"Mesene croceella"	325.050502	1
"Mesene phareus"	443.629754	2
"Mesodina halyzia"	325.050232	1
"Mesosemia grandis"	325.050502	1
"Mesoxantha ethosea"	325.050651	1
"Mestra dorcas"	325.050651	1
"Metacharis umbrata"	0	0
"Metamorpha elissa"	0	0
"Methona themisto"	325.050802	1
"Metisella metis"	325.050732	1
"Meza meza"	325.050732	1
"Michaelus ira"	0	0
"Microceris variicolor"	0	0
"Microtia elva"	325.049922	1
"Miletus symethus"	0	0
"Mimathyma chevana"	325.050862	1
"Mimeresia libentina"	0	0
"Mimoides xynias"	0	0
"Mimoniades ocyalus"	0	0
"Ministrymon leda"	325.050502	1
"Minois dryas"	418.872232	2
"Mnasilus allubita"	325.050732	1
"Moduza procris"	325.050502	1
"Moeros moeros"	325.050282	1
"Monza punctata"	325.050732	1
"Morpho helenor"	860.515947	6
"Morphopsis albertisi"	325.050732	1
"Morvina morvus"	0	0
"Morys compta"	0	0
"Mota massyla"	0	0
"Motasingha trimaculata"	431.784672	2
"Mycalesis francisca"	325.050732	1
"Mycalesis tagala"	0	0
"Mygona irmina"	0	0
"Mylothris chloris"	406.52363	2
"Myrina silenus"	325.050862	1
"Myscelia cyaniris"	325.050651	1
"Myscelia orsis"	325.050651	1
"Myscelus amystis"	404.199254	2
"Myscelus belti"	325.050854	1
"Myscelus epimachia"	0	0
"Myscelus nobilis"	325.05007	1
"Mysoria barcastus"	325.050658	1
"Nabokovia faga"	0	0
"Nacaduba kurava"	699.753956	5
"Napaea eucharila"	325.051232	1
"Napeocles jucunda"	0	0
"Narcosius colossus"	0	0
"Nascus phocus"	325.050844	1
"Nastra julia"	325.050732	1
"Nathalis iole"	763.251472	5
"Neita neita"	0	0
"Nelia nemyroides"	0	0
"Neocoenyra duplex"	325.050732	1
"Neohesperilla croceus"	325.050732	1
"Neohesperilla xanthomera"	325.050732	1
"Neolucia agricola"	325.050502	1
"Neolysandra diana"	0	0
"Neominois ridingsii"	325.050732	1
"Neomyrina nivea"	460.963225	2
"Neonympha areolatus"	418.872232	2
"Neophasia menapia"	325.0504	1
"Neopithecops zalmora"	448.784456	2
"Neorina crishna"	0	0
"Neoxeniades braesia"	0	0
"Neozephyrus japonica"	325.050508	1
"Neozephyrus orientalis"	325.050512	1
"Neptidopsis ophione"	325.050651	1
"Neptis sappho"	720.995385	5
"Neruda aoede"	0	0
"Nesolycaena albosericea"	325.049924	1
"Nesoxenica leprea"	325.050752	1
"Nessaea aglaura"	325.050651	1
"Netrobalane canopus"	325.050645	1
"Netrocoryne repanda"	1333.492996	8
"Neurellipes lusones"	0	0
"Nica flavilla"	325.050844	1
"Ninguta schrenkii"	418.872232	2
"Niphanda fusca"	0	0
"Noctuana haematospila"	0	0
"Nosea hainanensis"	0	0
"Notheme erota"	325.050732	1
"Nothodanis schaeffera"	325.050771	1
"Notocrypta curvifascia"	429.443172	3
"Notocrypta feisthamelii"	429.443172	3
"Nyctelius nyctelius"	325.050732	1
"Nymphalis antiopa"	803.586104	6
"Nymphalis xanthomelas"	638.585411	4
"Nymphidium caricae"	0	0
"Nymphidium onaeum"	440.836557	2
"Oarisma garita"	325.050732	1
"Oboronia punctatus"	325.050972	1
"Ocaria ocrisia"	443.629764	2
"Ochlodes sylvanoides"	325.050732	1
"Ocybadistes flavovittata"	325.050732	1
"Ocybadistes walkeri"	439.651442	2
"Odina hieroglyphica"	0	0
"Odontoptilum angulata"	429.309384	2
"Oeneis norna"	418.872232	2
"Oenomaus ortygnus"	325.05054	1
"Oerane microthyrus"	325.050282	1
"Ogyris amaryllis"	325.050922	1
"Oileides azines"	0	0
"Oleria aquata"	325.050802	1
"Oligoria maculata"	325.050732	1
"Olyras crathis"	325.050802	1
"Onophas columbaria"	0	0
"Opoptera aorsa"	325.050732	1
"Opsiphanes tamarindi"	476.221552	4
"Orachrysops niobe"	325.050502	1
"Oraidium barberae"	448.785662	2
"Oreisplanus munionga"	325.050752	1
"Oreixenica lathoniella"	325.050732	1
"Oressinoma typhla"	325.050752	1
"Oriens gola"	325.050732	1
"Orinoma damaris"	0	0
"Orphe gerasa"	0	0
"Orses cynisca"	0	0
"Orsotriaena medus"	325.050732	1
"Ortilia liriope"	527.828822	4
"Osmodes laronia"	325.050952	1
"Oxynetra stangelandi"	0	0
"Oxynthes corusca"	0	0
"Pachliopta aristolochiae"	325.05077	1
"Pachliopta kotzebuea"	325.05077	1
"Pachythone gigas"	0	0
"Pachythone xanthe"	0	0
"Pagyris cymothoe"	325.050802	1
"Palaeonympha opalina"	325.050732	1
"Palla ussheri"	448.784774	2
"Panacea procilla"	0	0
"Pandita sinope"	325.050502	1
"Panoquina lucas"	325.050732	1
"Panoquina ocola"	325.050732	1
"Panoquina panoquin"	418.872232	2
"Panthiades hebraeus"	437.752392	2
"Pantoporia hordonia"	325.050502	1
"Panyapedaliodes drymaea"	0	0
"Papias subcostulata"	0	0
"Papilio alexanor"	325.050162	1
"Papilio ambrax"	448.784474	2
"Papilio clytia"	325.050763	1
"Papilio deiphobus"	325.049924	1
"Papilio elwesi"	452.752303	2
"Papilio gigon"	325.049924	1
"Papilio joanae"	325.050162	1
"Papilio machaon"	542.514434	3
"Papilio memnon"	460.962464	2
"Papilio phestus"	325.049924	1
"Papilio polytes"	325.049924	1
"Papilio polyxenes"	448.784134	2
"Papilio protenor"	325.049924	1
"Papilio slateri"	325.050763	1
"Papilio xuthus"	460.962694	2
"Papilio zelicaon"	448.784134	2
"Paracarystus hypargyra"	0	0
"Parachoranthus magdalia"	0	0
"Paralethe dendrophilus"	325.050732	1
"Paralucia pyrodiscus"	325.050232	1
"Paramacera xicaque"	0	0
"Paramimus scurra"	0	0
"Parantica aglea"	325.050552	1
"Parantica sita"	325.050552	1
"Pararge aegeria"	325.050732	1
"Parasarpa daraxa"	325.050658	1
"Paratisiphone lyrnessa"	0	0
"Paratrytone snowi"	325.050732	1
"Pardaleodes edipus"	0	0
"Pardaleodes incerta"	325.050732	1
"Pardopsis punctatissima"	325.050678	1
"Parelbella ahira"	0	0
"Parelbella macleannani"	0	0
"Pareronia valeria"	325.050465	1
"Pareuptychia hesionides"	325.050732	1
"Pareuptychia ocirrhoe"	418.872232	2
"Parides agavus"	325.05077	1
"Parides eurimedes"	325.05077	1
"Parides photinus"	325.05077	1
"Parnara apostata"	325.050732	1
"Parnara guttatus"	418.872232	2
"Parnassius apollo"	325.051262	1
"Parnassius imperator"	325.050692	1
"Parnassius smintheus"	325.051262	1
"Parosmodes morantii"	540.26846	3
"Parrhasius polibetes"	440.836521	2
"Parthenos sylvina"	572.517768	3
"Paryphthimoides eous"	325.050732	1
"Paryphthimoides poltys"	325.050732	1
"Pasma tasmanicus"	325.050732	1
"Passova gellias"	325.050854	1
"Passova passova"	325.050854	1
"Patricia dercyllidas"	0	0
"Patsuia sinensium"	325.050658	1
"Pellicia arina"	0	0
"Pellicia dimidiata"	325.050802	1
"Pelopidas mathias"	418.872232	2
"Penthema adelma"	325.050732	1
"Pentila pauli"	0	0
"Pentila tropicalis"	0	0
"Perichares lotus"	0	0
"Periplacis pretus"	325.050292	1
"Perisama bomplandii"	325.050844	1
"Perophthalma lasus"	0	0
"Perrhybris pamela"	325.050465	1
"Petrelaea dana"	325.050105	1
"Phaedyma columella"	672.11746	4
"Phaeostrymon alcestis"	325.050844	1
"Phalanta eurytis"	437.071658	2
"Phalanta phalantha"	852.687528	6
"Phanus vitreus"	0	0
"Phareas coeleste"	325.050502	1
"Pharmacophagus antenor"	325.05077	1
"Pharneuptychia phares"	0	0
"Phasis pringlei"	325.050602	1
"Phengaris atroguttata"	325.050552	1
"Phengaris nausithous"	325.050892	1
"Philaethria dido"	325.050658	1
"Philotes sonorensis"	325.051262	1
"Philotiella leona"	0	0
"Phlyaria cyara"	325.050502	1
"Phocides pigmalion"	325.050675	1
"Phocides polybius"	325.050685	1
"Phoebis agarithe"	325.050502	1
"Phoebis argante"	325.050502	1
"Phoebis sennae"	325.050502	1
"Pholisora catullus"	325.050352	1
"Pholisora mejicanus"	325.050352	1
"Phyciodes cocyta"	325.050272	1
"Phyciodes tharos"	325.050272	1
"Physcaeneura panda"	325.050732	1
"Phystis simois"	325.049922	1
"Pieriballia viardi"	0	0
"Pieris brassicae"	510.350665	4
"Pieris napi"	466.127195	3
"Pieris rapae"	548.628965	5
"Pierphulia rosea"	0	0
"Pinacopteryx eriphia"	325.050465	1
"Pirdana hyela"	325.050132	1
"Piruna aea"	0	0
"Piruna pirus"	325.050732	1
"Pithecops corvus"	567.363384	3
"Placidina euryanassa"	325.050802	1
"Plastingia naga"	325.050282	1
"Platylesches picanini"	325.050657	1
"Plautella cossaea"	0	0
"Plebejidea loewii"	325.050502	1
"Plebejus anna"	325.050502	1
"Plebejus argus"	1014.934701	7
"Plebejus idas"	448.785092	2
"Plebejus melissa"	325.050502	1
"Plebulina emigdionis"	448.784902	2
"Ploetzia amygdalis"	325.050282	1
"Poanes zabulon"	325.050732	1
"Poladryas arachne"	325.050532	1
"Polites vibex"	325.050732	1
"Polycaena tamerlana"	325.050484	1
"Polyctor polyctor"	0	0
"Polygonia c-album"	1023.871454	8
"Polygonia c-aureum"	658.377023	4
"Polygonus leo"	325.050502	1
"Polygonus savigny"	325.050502	1
"Polyommatus icarus"	325.050502	1
"Polythrix asine"	325.050502	1
"Polythrix octomaculata"	325.050502	1
"Polytremis lubricans"	325.050732	1
"Polyura eudamippus"	523.245732	3
"Pompeius verna"	325.050732	1
"Pontia beckerii"	407.552165	3
"Pontia daplidice"	384.526095	2
"Poritia hewitsoni"	325.050685	1
"Posttaygetis penelea"	0	0
"Potanthus omaha"	325.050732	1
"Praepedaliodes phanias"	325.050732	1
"Praephilotes anthracias"	448.784702	2
"Praetaxila segecia"	325.050484	1
"Pratapa deva"	446.435952	2
"Prepona claudina"	325.050658	1
"Prepona dexamenus"	0	0
"Prepona laertes"	559.415779	3
"Prioneris thestylis"	325.050465	1
"Problema byssus"	325.050732	1
"Proeidosa polysema"	325.050732	1
"Prolibythea carinenta"	448.785352	2
"Prosotas nora"	559.415773	3
"Protantigius superans"	440.836534	2
"Proteides mercurius"	325.050502	1
"Proterebia phegea"	0	0
"Protesilaus protesilaus"	325.05054	1
"Prothoe franckii"	325.05054	1
"Protogoniomorpha anacardii"	325.049922	1
"Protogoniomorpha parhassus"	325.049922	1
"Protonymphidia senta"	0	0
"Pseudacraea rubrobasalis"	0	0
"Pseudaletis agrippina"	0	0
"Pseudalmenus chlorinda"	325.050502	1
"Pseudargynnis hegemone"	325.050735	1
"Pseudergolis avesta"	325.050262	1
"Pseudochrysops bornoi"	325.050502	1
"Pseudocoladenia dan"	448.784902	2
"Pseudocopaeodes eunus"	325.050732	1
"Pseudodipsas eone"	584.544004	3
"Pseudolucia chilensis"	325.050802	1
"Pseudolucia parana"	0	0
"Pseudolycaena marsyas"	792.404645	5
"Pseudonacaduba aethiops"	0	0
"Pseudonascus paulliniae"	0	0
"Pseudoneptis bugandensis"	325.050862	1
"Pseudonympha trimenii"	325.050732	1
"Pseudopieris nehemia"	0	0
"Pseudopontia paradoxa"	446.43523	2
"Pseudopontia zambezi"	0	0
"Pseudoscada timna"	325.050802	1
"Pseudozizeeria maha"	681.382211	4
"Psolos fuligo"	325.050952	1
"Psychonotis caelius"	325.050852	1
"Ptelina carnuta"	0	0
"Pteronymia aletta"	325.050802	1
"Pteroteinon laufella"	325.050282	1
"Pterourus glaucus"	1396.609939	11
"Pterourus troilus"	707.243527	4
"Ptychandra lorquinii"	325.050732	1
"Pycina zamba"	0	0
"Pyrgus albescens"	325.050645	1
"Pyrgus carthami"	567.364265	3
"Pyrgus malvae"	325.050892	1
"Pyrgus scriptura"	325.050645	1
"Pyrisitia lisa"	325.050502	1
"Pyrisitia proterpia"	325.050502	1
"Pyronia tithonus"	325.050732	1
"Pyrrhiades lucagus"	325.050687	1
"Pyrrhocalles antiqua"	0	0
"Pyrrhochalcia iphis"	819.49994	5
"Pyrrhogyra neaerea"	325.050844	1
"Pyrrhogyra otolais"	325.050844	1
"Pyrrhopyge crida"	0	0
"Pyrrhopyge phidias"	443.62978	2
"Pyrrhopygopsis socrates"	325.050282	1
"Pythonides jovianus"	0	0
"Quadrus cerialis"	0	0
"Quedara monteithi"	325.050282	1
"Quinta cannae"	325.050952	1
"Rachana jalindra"	325.050922	1
"Ragadia luzonia"	0	0
"Ragadia makuta"	0	0
"Rapala varuna"	854.842264	6
"Rathinda amor"	980.259645	7
"Ravenna niveus"	325.050512	1
"Rekoa meton"	0	0
"Reliquia santamarta"	0	0
"Remelana jangala"	1189.842971	9
"Rhabdodryas trite"	325.050502	1
"Rhetus dysonii"	0	0
"Rhinopalpa polynice"	325.050262	1
"Rhinthon cubana"	0	0
"Rimisia miris"	325.050502	1
"Rohana parisatis"	325.050872	1
"Sabera caesina"	325.050282	1
"Sahulana scintillata"	443.629754	2
"Saigusaozephyrus atabyrius"	0	0
"Sais rosalia"	0	0
"Salanoemia sala"	325.050282	1
"Sarangesa dasahara"	325.049922	1
"Saribia perroti"	0	0
"Sarmientoia eriopis"	0	0
"Sarota myrtea"	460.963265	2
"Sasakia charonda"	325.050872	1
"Satarupa gopala"	325.049924	1
"Satarupa nymphalis"	325.049924	1
"Satyrium eximia"	325.050852	1
"Satyrium pruni"	424.012652	2
"Satyrium tengstroemi"	325.050502	1
"Satyrotaygetis satyrina"	325.050732	1
"Satyrus ferula"	325.050732	1
"Scolitantides orion"	325.051262	1
"Scolitantides vicrama"	325.050552	1
"Selenophanes cassiope"	0	0
"Semalea pulvina"	325.050972	1
"Semanga superba"	440.836521	2
"Sephisa chandra"	325.050512	1
"Sericinus montela"	325.05077	1
"Seseria dohertyi"	0	0
"Sevenia amulia"	325.050651	1
"Shaanxiana takashimai"	325.050562	1
"Shijimiaeoides divina"	325.050502	1
"Shirozua jonasi"	1316.19443	8
"Shizuyaozephyrus kyokoae"	0	0
"Sibataniozephyrus fujisanus"	325.050512	1
"Siderone galanthis"	325.050658	1
"Signeta flammeata"	325.050732	1
"Simiskina phalia"	325.050645	1
"Siproeta epaphus"	325.049922	1
"Sithon nedymond"	325.050675	1
"Sloperia proto"	325.050552	1
"Smyrna blomfildia"	325.050262	1
"Sophista latifasciata"	0	0
"Spalgis epeus"	0	0
"Spalgis lemolea"	0	0
"Spathilepia clonius"	325.050502	1
"Spialia colotes"	325.050645	1
"Spialia orbifer"	325.050892	1
"Spioniades artemides"	325.050502	1
"Splendeuptychia doxes"	325.050732	1
"Splendeuptychia libitina"	325.050732	1
"Stallingsia maculosus"	325.050132	1
"Staphylus ceos"	0	0
"Staphylus hayhurstii"	325.050352	1
"Steroma bega"	0	0
"Stibochiona coresia"	325.050262	1
"Stichelia bocchoris"	0	0
"Stichophthalma howqua"	431.784452	2
"Stinga morrisoni"	325.050732	1
"Strymon melinus"	1095.543701	8
"Stugeta bowkeri"	503.09823	3
"Stygionympha vigilans"	405.852132	2
"Suada swerga"	325.050732	1
"Suastus gremius"	325.050282	1
"Suniana sunias"	325.050732	1
"Surendra quercetorum"	325.050502	1
"Symbrenthia hippoclus"	325.050262	1
"Symmachia rubina"	325.050872	1
"Symphaedra nais"	515.578217	3
"Synale cynaxa"	0	0
"Synapte silius"	0	0
"Synargis calyce"	325.050645	1
"Systasea zampa"	325.050645	1
"Tagiades flesus"	565.066974	3
"Tagiades gana"	325.050632	1
"Tagiades japetus"	460.809312	2
"Tagiades litigiosa"	580.581495	3
"Tajuria cippus"	325.050922	1
"Talbotia naganum"	429.309154	2
"Talicada nyseus"	325.051262	1
"Talides sinois"	325.050962	1
"Tanaecia lepidea"	448.785267	2
"Tapena thwaitesi"	325.050502	1
"Taractrocera luzonensis"	0	0
"Taractrocera maevius"	325.050732	1
"Taraka hamada"	0	0
"Tarsoctenus corytus"	0	0
"Tartesa astarte"	325.050502	1
"Tarucus theophrastus"	325.050852	1
"Tatochila autodice"	567.364155	3
"Taxila haquinus"	325.050484	1
"Taygetina kerea"	325.050732	1
"Taygetis virgilia"	0	0
"Taygetis ypthima"	325.050732	1
"Tegosa claudina"	431.792076	2
"Teinopalpus imperialis"	325.05054	1
"Telemiades amphion"	325.050502	1
"Telicota augias"	399.739132	2
"Tellervo assarica"	0	0
"Tellervo zoilus"	528.691122	3
"Temenis laothoe"	325.050844	1
"Teniorhinus harona"	0	0
"Teniorhinus watsoni"	325.050502	1
"Teracolus subfasciatus"	325.050465	1
"Teratoneura isabellae"	0	0
"Teratozephyrus arisanus"	325.050512	1
"Terenthina terentia"	0	0
"Terinos clarissa"	419.412698	2
"Terinos terpander"	325.050667	1
"Teriocolias zelia"	0	0
"Teriomima subpunctata"	0	0
"Texola elada"	325.049922	1
"Thaduka multicaudata"	325.050651	1
"Thaleropis ionia"	325.050872	1
"Thamala marciana"	325.049505	1
"Thauria aliris"	325.050282	1
"Theagenes dichrous"	0	0
"Thecla betulae"	436.199208	2
"Theclinesthes miskini"	560.008334	3
"Theclopsis lydus"	0	0
"Theope publius"	325.050502	1
"Theope terambus"	0	0
"Theope virgilius"	882.39628	6
"Thereus orasus"	0	0
"Theritas mavors"	0	0
"Theritas triquetra"	0	0
"Thespieus macareus"	0	0
"Thestor protumnus"	0	0
"Thisbe irenea"	325.050651	1
"Thisbe lycorias"	325.050502	1
"Thoressa varia"	325.050732	1
"Thorybes bathyllus"	325.050502	1
"Thorybes confusis"	325.050502	1
"Thracides phidon"	325.050962	1
"Thymelicus lineola"	418.872232	2
"Thymelicus sylvestris"	325.050732	1
"Thyridia psidii"	325.050802	1
"Tigridia acesta"	443.629315	2
"Timelaea albescens"	325.050872	1
"Tirumala limniace"	448.785102	2
"Tisiphone abeona"	325.050752	1
"Tithorea tarricina"	325.050552	1
"Tmolus echion"	509.237052	4
"Tomares ballus"	325.050502	1
"Tongeia filicaudis"	325.051262	1
"Tongeia fischeri"	325.051262	1
"Torynesis mintha"	325.050732	1
"Toxidia parvulus"	325.050732	1
"Toxidia peron"	601.023242	4
"Trapezites petalia"	325.050132	1
"Trapezites symmomus"	325.050132	1
"Triclema nigeriae"	325.050502	1
"Triclema rufoplagata"	0	0
"Trimenia argyroplaga"	0	0
"Triskelionia tricerata"	0	0
"Trogonoptera brookiana"	325.05077	1
"Troides rhadamantus"	325.05077	1
"Troides richmondia"	0	0
"Tsitana tsita"	325.050732	1
"Turanana endymion"	325.050352	1
"Tuxentius melaena"	437.752352	2
"Udara albocaeruleus"	872.249482	6
"Udara dilectus"	325.050512	1
"Udaspes folus"	460.809402	2
"Udranomia kikkawai"	325.050651	1
"Udranomia orcinus"	0	0
"Unkana ambasa"	460.809112	2
"Urbanus dorantes"	325.050502	1
"Urbanus doryssus"	0	0
"Urbanus esmeraldus"	0	0
"Urbanus procne"	325.050732	1
"Urbanus proteus"	460.809112	2
"Vagrans egista"	448.784868	2
"Vanessa atalanta"	398.519362	2
"Vanessa indica"	596.269015	4
"Vanessa tameamea"	325.050262	1
"Vanessula milca"	0	0
"Vansomerenia rogersi"	0	0
"Veladyris pardalis"	0	0
"Venada nevada"	325.050763	1
"Vertica verticalis"	0	0
"Vettius lafrenaye"	325.050732	1
"Vindula arsinoe"	325.050658	1
"Wagimo signata"	325.050512	1
"Wallengrenia otho"	325.050732	1
"Wallengrenia premnas"	325.050732	1
"Xanthodisca vibius"	325.050972	1
"Xanthotaenia busiris"	0	0
"Xeniades orchamus"	325.050952	1
"Xenophanes tryxus"	325.050645	1
"Xois sesara"	325.050732	1
"Yamamotozephyrus kwangtungensis"	325.050512	1
"Yanguna cosyra"	325.050687	1
"Yoma sabina"	460.808532	2
"Ypthima argus"	418.872232	2
"Ypthimomorpha itonia"	0	0
"Yramea cytheris"	325.050678	1
"Zaretis callidryas"	325.050658	1
"Zaretis isidora"	0	0
"Zegris eupheme"	325.050395	1
"Zela zeus"	325.050282	1
"Zemeros flegyas"	325.050484	1
"Zenonia zeno"	325.050732	1
"Zerene cesonia"	325.050502	1
"Zerynthia cerisyi"	325.05077	1
"Zerynthia polyxena"	325.05077	1
"Zesius chrysomallus"	916.139225	6
"Zestusa dorus"	325.050512	1
"Zethera pimplea"	325.050732	1
"Ziegleria hesperitis"	0	0
"Zinaspa youngi"	325.050502	1
"Zintha hintza"	325.050852	1
"Zizeeria karsandra"	760.498222	5
"Zizeeria knysna"	987.711241	7
"Zizina otis"	325.050502	1
"Zizula hylax"	611.734611	4
"Zographetus ogygia"	460.809112	2
"Zophopetes cerymica"	325.050282	1
"Zophopetes dysmephila"	325.050282	1
